Hour,Optimized_Hourly_MW
1,9.046292107
2,4.255861851
3,2.180858362
4,5.745568071
5,2.30287341
6,4.254566628
7,3.444493208
8,3.360810038
9,-5.223522327
10,-8.17329193
11,6.729916616
12,9.011517795
13,7.867685357
14,6.59842499
15,2.653287076
16,-7.908544004
17,-3.917444274
18,0.337633088
19,2.851582446
20,-5.148271252
21,1.513334029
22,3.956440711
23,0.178968413
24,2.662004104
25,12.06520899
26,4.010152779
27,0.246436198
28,-0.706431304
29,3.869959715
30,4.218599695
31,10.3590048
32,3.144024179
33,3.390539634
34,1.773517815
35,10.88930312
36,9.470787712
37,15.47926187
38,-8.632809466
39,-5.353075465
40,-4.945851205
41,-0.224135712
42,1.110285999
43,4.321139674
44,3.619061229
45,9.355253029
46,-1.472407578
47,3.551987491
48,3.099903034
49,15.27493342
50,-3.897140383
51,1.131953949
52,-0.913075881
53,5.936195527
54,-0.859863149
55,4.546904931
56,7.194606758
57,6.592830495
58,-1.038495151
59,3.018935281
60,5.337072612
61,7.473549194
62,0.875011699
63,5.718562263
64,3.318698155
65,10.13999972
66,-0.053405734
67,0.085674928
68,-2.536474725
69,1.833722434
70,2.305624661
71,1.349939086
72,-0.468709783
73,-1.744240934
74,5.520004034
75,-9.04691656
76,-0.885330793
77,-0.624648627
78,2.723360347
79,5.337029115
80,2.068882859
81,1.474312637
82,2.505801041
83,-0.293353858
84,6.86731912
85,0.714255941
86,3.108712034
87,3.30091579
88,-4.160578784
89,5.231790068
90,-8.148542716
91,-1.893051109
92,-6.861105913
93,-3.176225383
94,-11.52155265
95,3.398413748
96,9.408889671
97,4.808282198
98,-3.893415928
99,-10.51818922
100,4.944833146
101,-10.65994169
102,5.410823907
103,1.812864434
104,-4.875591359
105,-6.459157173
106,-9.02819822
107,12.82083471
108,6.239296948
109,6.304108555
110,-3.886814518
111,1.520245037
112,6.873425564
113,4.344795399
114,1.017298543
115,-3.466130959
116,0.463566147
117,-6.212861553
118,4.839111372
119,-4.285777423
120,-1.458706912
121,2.566943922
122,6.453395886
123,0.192227871
124,-0.470340909
125,-4.229614951
126,-1.3147971
127,3.142036487
128,2.860457329
129,-0.293267016
130,0.294051305
131,-6.017497507
132,-3.397215547
133,-4.143766758
134,-7.244838923
135,4.590599131
136,-1.89445981
137,-0.674884861
138,-3.168587844
139,-2.197212934
140,3.451478467
141,-0.72718948
142,-5.212495356
143,1.290164154
144,0.266094216
145,-3.323998474
146,0.694763206
147,-3.400302937
148,-3.010802396
149,-0.998698912
150,-2.846290539
151,0.200222868
152,-13.6913131
153,-0.173141046
154,-0.626776289
155,0.738488975
156,1.067428094
157,-7.337676268
158,2.056919205
159,-8.004087048
160,5.440002619
161,-2.385074501
162,-3.946103801
163,-0.425941499
164,-2.734022068
165,3.486854704
166,0.108479278
167,-9.48025082
168,6.907441665
169,-10.75528236
170,4.942660918
171,6.140089103
172,2.934270384
173,-11.03956585
174,8.932462393
175,8.270577173
176,0.29482493
177,-0.495647907
178,4.5301931
179,-3.521117794
180,0.673212069
181,-0.733465116
182,2.872528622
183,3.492036409
184,4.808726533
185,-7.040781542
186,-3.506109602
187,-3.066334395
188,-7.111553077
189,1.149787701
190,1.910068158
191,6.594310924
192,-0.083896008
193,5.893521703
194,-5.363605696
195,7.78187676
196,-3.572434845
197,-5.532390196
198,0.65871288
199,0.033598389
200,-1.099625185
201,-1.516915514
202,-10.13444388
203,-0.890302234
204,1.067182958
205,3.781033601
206,-2.912942208
207,-10.6937326
208,-9.325386148
209,-2.228097203
210,0.587947031
211,2.095035712
212,-4.694325395
213,-10.14930199
214,-2.981918451
215,-6.481360982
216,2.079752935
217,0.026418838
218,5.617012169
219,-1.634574926
220,-3.799100211
221,1.204422887
222,3.087657963
223,-3.525668494
224,-5.782402246
225,-2.069106374
226,-1.822035092
227,0.154579857
228,-6.617618325
229,-0.799829718
230,9.945088747
231,4.56486369
232,-0.958279481
233,2.181180561
234,7.518495012
235,-0.049741031
236,-10.01602261
237,6.576506067
238,-3.439669282
239,2.122176017
240,-9.748767125
241,2.894324557
242,-5.36588479
243,0.186798587
244,0.693792813
245,0.993367524
246,4.586083718
247,-3.205707696
248,1.252164072
249,-1.826915842
250,-2.443560219
251,-1.474778231
252,-0.461067604
253,5.672309568
254,-7.196286128
255,-11.41222384
256,-6.812968804
257,-2.625183808
258,1.254898844
259,7.305892385
260,-5.707999612
261,6.728827542
262,8.032566107
263,-4.51606666
264,1.803958565
265,4.051583208
266,0.368583882
267,5.785483296
268,-3.412869952
269,4.370483751
270,3.777450154
271,0.763292327
272,-0.406122518
273,0.205796366
274,11.88672409
275,-0.572106492
276,3.438131447
277,6.222943808
278,-3.150793539
279,-4.85860995
280,2.273178122
281,4.726890883
282,-4.700688328
283,-0.362960496
284,-4.392509146
285,6.015999237
286,1.614503092
287,-3.859660644
288,2.95324503
289,-0.171079257
290,12.57616911
291,-0.561343899
292,-3.812384246
293,2.088723027
294,-1.69472529
295,-4.700170233
296,-2.750999997
297,-1.454862056
298,0.210536849
299,2.770881672
300,-3.565106678
301,-0.999382295
302,9.431565939
303,-10.05060992
304,-3.566798425
305,-1.290358319
306,-5.554179235
307,-0.038233211
308,-8.321841368
309,-3.227109943
310,0.219513879
311,2.247626514
312,4.406020158
313,1.604080399
314,-0.881388104
315,5.515940046
316,3.389973465
317,-10.91775262
318,-1.874136571
319,-1.917772617
320,-4.225402093
321,0.128263495
322,11.69048952
323,-6.920646506
324,1.663647045
325,8.649258974
326,-4.910177323
327,8.167339112
328,-1.015946008
329,-4.447418868
330,-1.513210834
331,7.658505117
332,5.822794326
333,8.195243122
334,6.184178794
335,-1.569513927
336,-9.959831223
337,1.980220006
338,4.635109667
339,-7.727878447
340,5.971149024
341,-2.652886373
342,0.114259618
343,-0.003408483
344,3.168092455
345,4.308331127
346,-7.509076829
347,2.775350196
348,-6.311376675
349,2.182265652
350,-0.396536821
351,-10.22200325
352,-9.091883133
353,-9.140856184
354,3.613300331
355,-2.711735903
356,2.227162105
357,5.524855781
358,-0.629374425
359,2.410087502
360,-8.565283415
361,-7.080890631
362,0.198756449
363,-2.59973973
364,3.432629901
365,-7.330533386
366,0.183240443
367,-4.820971302
368,7.537903865
369,3.280905615
370,7.963028594
371,-2.110020886
372,-6.988692874
373,-6.815698388
374,-5.040780487
375,-3.135598249
376,-11.96612244
377,3.3274836
378,-9.572540698
379,1.141373946
380,0.472147687
381,-2.171961372
382,-0.999784262
383,3.604377168
384,-4.632172791
385,3.095498721
386,-4.991272602
387,-5.051898884
388,0.08006356
389,-0.297169107
390,5.915008719
391,6.245576356
392,2.077178636
393,-0.139847386
394,4.749410081
395,-1.085369122
396,-5.277121643
397,3.434699306
398,1.869055599
399,7.820414076
400,-6.943815203
401,-4.056040958
402,-6.163850803
403,-6.974684366
404,-12.06597703
405,-6.284829478
406,-4.787365936
407,6.620108352
408,-0.950892517
409,5.583395897
410,1.998222678
411,-8.240811115
412,8.039696405
413,-1.659993662
414,0.255405847
415,-6.084025515
416,-3.765756761
417,-4.840432463
418,-11.11536772
419,5.435785716
420,0.547780998
421,5.106814366
422,-5.138559435
423,-0.982423721
424,-8.336200442
425,5.769195084
426,-3.86871844
427,8.757298448
428,-5.063745471
429,-0.272252424
430,3.592943104
431,-2.037705662
432,-4.011529455
433,-0.66253936
434,6.493455914
435,0.368865965
436,3.641456825
437,-3.712482939
438,0.389388872
439,-6.639714216
440,-2.65202018
441,-2.84826849
442,-4.938468968
443,-3.955756352
444,1.485383102
445,1.301184781
446,3.276111767
447,-3.907890446
448,-3.743006175
449,-0.279406655
450,5.383272436
451,5.808740727
452,0.117291516
453,1.79771568
454,-2.075032389
455,-8.582108784
456,2.22641988
457,-0.520015432
458,-1.578434016
459,-0.245329662
460,2.530642472
461,8.692649126
462,2.995420793
463,-2.693613611
464,-5.042370846
465,6.256371335
466,3.956645359
467,3.761898193
468,3.510621662
469,7.322477382
470,3.206814657
471,-12.16642226
472,6.281285593
473,0.738023514
474,-3.74525139
475,-2.428181201
476,-5.846680931
477,5.516428076
478,-0.888791124
479,-4.464275396
480,4.947611761
481,-4.273221413
482,3.128588861
483,4.715249277
484,0.038540662
485,-4.150498578
486,-7.024399786
487,-2.067619289
488,-1.55352326
489,-4.045526002
490,7.898371396
491,-4.17253657
492,3.038790363
493,0.070770607
494,-3.428017799
495,2.290203808
496,7.666542463
497,-5.815495533
498,-1.859673664
499,-0.438118622
500,-1.785505892
501,-4.804406957
502,2.811972266
503,8.846060264
504,6.384439019
505,-11.48005582
506,-5.237096491
507,3.116530418
508,-3.680337106
509,-2.095717429
510,0.533404781
511,-7.227875357
512,-2.986913652
513,-3.409082715
514,12.9679631
515,1.444110681
516,-5.76409935
517,-2.017365334
518,-5.58276702
519,-9.409759601
520,-4.748403871
521,-4.095435829
522,2.361194741
523,-11.66139869
524,2.43473071
525,2.688974307
526,2.886672458
527,-5.638095932
528,4.288194012
529,5.798755739
530,3.414500522
531,2.160705377
532,1.539234104
533,1.718054933
534,-8.120914654
535,-6.859827522
536,3.132186636
537,-6.413517992
538,-11.32895753
539,-5.302035274
540,-8.577304144
541,6.908351305
542,-0.612028496
543,-10.31916055
544,-8.291359248
545,-2.664700115
546,-1.368937254
547,-8.257891419
548,-1.307305229
549,0.320821779
550,-5.048334815
551,-4.722336321
552,-0.146974754
553,-3.919971499
554,-0.499046745
555,-0.005007434
556,-0.260401864
557,-2.255084477
558,-6.580473781
559,-2.443036244
560,-0.975313111
561,0.829944446
562,2.381463775
563,-1.032210368
564,4.096090885
565,-10.29507667
566,-4.172849718
567,-5.160425062
568,6.924815597
569,-9.813427619
570,-4.655183968
571,10.68062845
572,0.324551817
573,3.912890445
574,3.151759472
575,-5.829109558
576,3.030463175
577,-5.541106665
578,-4.868038743
579,-4.123688435
580,1.209959179
581,-3.035170691
582,0.447062568
583,-1.061241699
584,0.082887641
585,-0.187214256
586,-3.953873375
587,-0.80236275
588,3.476093453
589,-3.119733767
590,-2.666706244
591,-2.238984261
592,3.93064088
593,-0.406435969
594,5.745210666
595,-9.403150497
596,-1.1108345
597,0.010965616
598,-0.276233597
599,-4.816006357
600,5.768276456
601,9.199102624
602,-7.700477448
603,3.039449904
604,-8.851029173
605,0.079200992
606,-0.170742889
607,-3.572743307
608,-6.483242007
609,-4.050520713
610,-5.024060962
611,0.613963212
612,-2.813683566
613,-0.034929109
614,0.073201829
615,2.110653621
616,5.805000802
617,-6.663184973
618,-1.85116046
619,7.100430583
620,-5.360584746
621,3.609406416
622,-2.037380127
623,5.431710183
624,-1.61222384
625,5.933314484
626,3.218404851
627,4.214139001
628,1.879519869
629,2.847927817
630,-4.808616359
631,-8.737275022
632,0.291088422
633,11.16083549
634,4.385867822
635,-9.605858297
636,-3.042421414
637,8.007391349
638,-10.49705291
639,-10.15733883
640,8.633285537
641,-2.460509994
642,-1.841337879
643,6.774174053
644,7.379042561
645,-8.458787557
646,4.758102191
647,-9.317271411
648,-2.83193118
649,-7.285070865
650,0.984828421
651,1.83835755
652,6.948469947
653,-10.66692606
654,-1.108536216
655,6.062347513
656,-3.42732139
657,0.630072752
658,-12.18289114
659,-1.19928501
660,-12.89586609
661,7.92249319
662,-0.265968521
663,3.767751962
664,-4.323848272
665,-2.66690139
666,-2.962813615
667,-5.863977203
668,7.024777723
669,4.285022992
670,5.413154093
671,0.145179302
672,2.648715453
673,-2.031838412
674,0.050468152
675,3.516848677
676,11.58970195
677,6.339708911
678,0.915667428
679,-1.245239166
680,-2.967051918
681,5.550571375
682,4.717977252
683,9.023482463
684,1.478728733
685,-9.843858803
686,-9.778079496
687,-1.82498661
688,2.027599569
689,0.16731415
690,2.772256666
691,5.020865024
692,-6.063169473
693,-7.760673062
694,0.994669571
695,0.644278174
696,-1.571853821
697,3.708995119
698,2.70902484
699,-2.688585355
700,-3.159994633
701,-0.368311829
702,3.732045367
703,13.52191875
704,-1.872650393
705,-4.07124661
706,1.024613065
707,4.692530449
708,-8.294460296
709,0.41353923
710,-3.192462945
711,-4.097457321
712,2.567721029
713,-3.470838529
714,4.6203861
715,5.699143705
716,1.89665985
717,-0.732992087
718,3.000559739
719,-8.116541454
720,11.47973728
721,2.44429545
722,-3.126855981
723,-1.530467626
724,-2.735345459
725,-1.678746948
726,1.397796613
727,-3.313414
728,-0.513856157
729,1.644907845
730,6.034207092
731,-6.373743451
732,-4.980333758
733,-0.688748145
734,2.697962139
735,3.769722549
736,-2.752300738
737,-4.548258787
738,-9.670795087
739,8.142009887
740,2.588804486
741,5.975530139
742,-6.38239835
743,-3.534366054
744,-2.137833787
745,-2.040602531
746,0.682006365
747,-4.213513732
748,2.188952156
749,-4.618882111
750,-5.669003573
751,-1.885367486
752,2.953630054
753,-8.416528405
754,-1.049956008
755,-4.549266616
756,10.02876829
757,0.896611501
758,-2.63941216
759,2.408250441
760,10.88341534
761,-0.398081975
762,-3.208074841
763,-8.763336507
764,5.536586724
765,-5.920211531
766,1.979147816
767,-3.439939289
768,0.043859137
769,-0.7277793
770,-1.902029608
771,2.442949905
772,-0.008596928
773,3.472985199
774,6.529035946
775,-2.205700215
776,-2.300700343
777,-7.046033454
778,-2.491701166
779,4.713829387
780,6.658872603
781,6.877005027
782,-5.205372438
783,-5.882099758
784,-2.938649574
785,-0.742039898
786,0.123572407
787,10.19421402
788,7.638394173
789,-1.052905155
790,4.742144056
791,-2.579654596
792,-3.975646532
793,6.224361037
794,-2.780880345
795,7.64339737
796,-2.725640873
797,3.695355335
798,-9.866153053
799,-3.255246535
800,3.675895824
801,1.413759332
802,5.456538354
803,6.67094351
804,0.73603711
805,-1.966082824
806,2.005292875
807,-9.271861663
808,-0.097667205
809,-0.502777282
810,16.42087536
811,-0.37099291
812,-0.899564079
813,-7.17156796
814,6.100150799
815,3.184917965
816,-3.594753034
817,-0.659313501
818,7.626085481
819,1.111494492
820,-4.657682096
821,2.217150021
822,-1.359644413
823,2.569673112
824,10.65737365
825,-9.910436918
826,-7.279684213
827,-1.406129954
828,1.441818577
829,2.443719257
830,-0.354893733
831,-0.207974954
832,-1.558787736
833,6.678288243
834,0.564780344
835,1.316950692
836,0.940808016
837,-0.353222142
838,-5.247484551
839,-1.642804207
840,-1.766654765
841,0.096600351
842,-0.207723127
843,-4.408985289
844,8.086509668
845,4.384279518
846,-2.641110388
847,4.360891737
848,-0.609195154
849,-6.208741647
850,-3.927223533
851,8.499555091
852,3.945732328
853,-3.726697186
854,12.86657069
855,-0.341940514
856,0.485630496
857,5.976060331
858,-6.800709431
859,-5.164465103
860,-8.831792989
861,-5.227873933
862,0.313053135
863,7.017352251
864,-0.439097536
865,-7.716163725
866,8.770909531
867,9.18072025
868,-6.532817331
869,1.082146141
870,0.836974804
871,5.279775695
872,-6.790044612
873,-1.756974631
874,-0.765902471
875,10.20598282
876,-0.55963948
877,-3.465134366
878,-1.287228237
879,-3.537859448
880,-0.657487106
881,-3.503355327
882,-5.110966856
883,1.800983769
884,-0.482374719
885,0.633100172
886,-2.578750835
887,-4.48341075
888,-3.131009365
889,1.561256175
890,-0.825725304
891,-1.278953551
892,4.276360704
893,7.082792424
894,1.668420775
895,-11.73278099
896,-0.2460902
897,-5.075934538
898,2.75881765
899,-4.034665802
900,-7.120666878
901,2.380069508
902,-1.584712798
903,-3.929186273
904,1.953967393
905,7.604283614
906,-9.18336621
907,-6.139586301
908,0.529116457
909,-1.890730021
910,-4.965935337
911,8.380975944
912,-0.419200684
913,4.496013027
914,-12.20119966
915,4.184493606
916,-0.781566419
917,7.89170801
918,0.884453418
919,6.300629784
920,-5.52293528
921,-6.073487046
922,-4.979706389
923,6.32230636
924,-0.595495635
925,-3.181309572
926,0.100784167
927,-1.266627824
928,4.359304574
929,-8.435351594
930,0.072228883
931,4.560554513
932,-4.688957076
933,1.521640688
934,9.398021764
935,7.575012236
936,0.824125735
937,6.068117719
938,-2.74002666
939,1.407934671
940,4.974065998
941,-5.051536057
942,-3.305786981
943,-9.501678595
944,4.631356667
945,-6.306695076
946,1.621015513
947,-4.461784022
948,-5.462871573
949,4.437547026
950,-9.62577284
951,-4.153096661
952,3.214421144
953,3.686693475
954,6.710683826
955,8.076659282
956,3.525341835
957,2.479650138
958,12.55072016
959,-2.107682827
960,4.309268889
961,1.521775978
962,2.528338202
963,2.54499166
964,-4.9224487
965,-13.77479741
966,5.400385437
967,-1.466553367
968,-3.419878441
969,-5.347997984
970,-5.740376367
971,-0.762067678
972,10.265381
973,-6.819934891
974,-1.904927772
975,2.229457876
976,3.9171779
977,-0.550320359
978,3.284665676
979,1.901550014
980,2.113693021
981,6.562898031
982,-2.421700338
983,-1.110169011
984,1.605745814
985,-0.527649485
986,-0.063301086
987,4.129580646
988,-2.506917885
989,-0.755818707
990,7.035728911
991,-6.388693022
992,-6.389436113
993,-0.674609256
994,-1.428010059
995,-2.865662647
996,1.426367249
997,1.930786734
998,2.961843098
999,5.219384461
1000,-4.683578558
1001,-12.94209012
1002,-0.188181012
1003,-1.663591929
1004,-8.814952884
1005,0.806048168
1006,7.380991218
1007,11.64812312
1008,-1.302054476
1009,-4.433807905
1010,-5.278419322
1011,-10.11194034
1012,-0.224922625
1013,8.916559642
1014,3.281811177
1015,-1.517196984
1016,10.32691621
1017,-7.540330694
1018,1.942751118
1019,-6.965050591
1020,-0.210630768
1021,3.783727688
1022,5.077564517
1023,-5.767159985
1024,7.857200599
1025,0.644714642
1026,-8.083784702
1027,-3.02126227
1028,-2.408990008
1029,0.897235292
1030,-8.652420449
1031,5.126777329
1032,-4.76104641
1033,5.452292826
1034,1.906904192
1035,8.830544785
1036,2.516931084
1037,-2.178096826
1038,-0.503709546
1039,-4.228889204
1040,0.702208982
1041,-1.264121654
1042,-0.666701949
1043,3.705175088
1044,3.507329497
1045,-6.83711591
1046,-4.637264798
1047,6.086740077
1048,-2.813295034
1049,7.156376413
1050,0.55358969
1051,3.160818393
1052,2.944528836
1053,-1.882847374
1054,1.732742375
1055,6.963260114
1056,-1.142760461
1057,-3.2558291
1058,0.971086491
1059,8.839973514
1060,3.761061078
1061,-1.08021777
1062,1.025495252
1063,8.90233129
1064,6.482449254
1065,1.714976999
1066,-6.448141682
1067,-0.865073823
1068,-3.161983669
1069,-4.07253671
1070,-0.158208768
1071,5.330328066
1072,4.44335776
1073,-9.975640238
1074,2.747103369
1075,3.487673685
1076,3.265217055
1077,-4.58729334
1078,-2.91992825
1079,7.175242789
1080,6.463976723
1081,-7.701173915
1082,-2.24821028
1083,-1.012356444
1084,-8.650349417
1085,-3.044155591
1086,-5.797529993
1087,-1.622720947
1088,1.034386361
1089,2.113128202
1090,-3.154257443
1091,-1.602759269
1092,2.398907715
1093,-9.358579231
1094,-3.912707414
1095,4.795273132
1096,-3.422651852
1097,-3.825539073
1098,-2.535080288
1099,-3.411190425
1100,-13.88332635
1101,6.002904198
1102,-1.957937225
1103,-2.525212058
1104,-2.84110422
1105,6.834570836
1106,10.46710146
1107,4.456214117
1108,-7.172739728
1109,3.716461229
1110,-1.472469637
1111,3.032857876
1112,-1.929940995
1113,-0.198080538
1114,-3.41936527
1115,2.461876514
1116,-6.737348425
1117,-2.782165826
1118,2.135982848
1119,-6.29117291
1120,8.152759195
1121,4.419473581
1122,1.651057158
1123,-1.669845211
1124,4.480436882
1125,-6.071661722
1126,2.001768053
1127,-3.1012692
1128,-2.400996214
1129,0.771444797
1130,3.367084984
1131,4.812880954
1132,-1.948162576
1133,1.061907361
1134,0.144153981
1135,-2.996318043
1136,5.146384857
1137,5.931996412
1138,-4.09093872
1139,0.453142734
1140,4.654649244
1141,-5.846494833
1142,7.801701725
1143,1.476443008
1144,0.519240075
1145,7.071371419
1146,-1.944862118
1147,-2.532868302
1148,-4.267599096
1149,8.708471579
1150,4.61313744
1151,5.829489421
1152,2.227692061
1153,0.966736392
1154,-7.905882818
1155,9.051775817
1156,0.784857
1157,5.749265079
1158,-5.204113426
1159,-2.063478053
1160,0.558648153
1161,0.508474917
1162,-7.750998808
1163,-5.310626776
1164,-4.409388634
1165,-7.08412939
1166,-10.76707492
1167,-4.309407424
1168,-4.374100387
1169,3.795477856
1170,6.950110762
1171,5.082110335
1172,-4.18659648
1173,-7.858035323
1174,-3.253760222
1175,8.855017951
1176,8.33209906
1177,4.44535009
1178,-0.185090923
1179,4.650757602
1180,0.262539947
1181,-4.100839541
1182,-11.28050103
1183,-4.66361609
1184,-0.930408507
1185,-1.068497421
1186,5.053539591
1187,-1.544682826
1188,1.012930329
1189,0.868271729
1190,12.32225738
1191,-7.575157017
1192,-4.546920136
1193,-3.029097092
1194,-1.793676118
1195,2.597836713
1196,-4.619212522
1197,-4.095507369
1198,-9.479180478
1199,4.995035758
1200,-0.945326132
1201,-1.977955165
1202,0.988268939
1203,-8.367242276
1204,7.574103068
1205,-1.870967187
1206,-7.729146325
1207,1.069546564
1208,2.057983667
1209,4.236230865
1210,6.460916374
1211,8.795318095
1212,-2.482601164
1213,-0.159954502
1214,4.035140132
1215,7.118417801
1216,3.604221235
1217,-7.790765584
1218,0.729173469
1219,7.723861367
1220,-1.942838168
1221,3.24080118
1222,4.656673825
1223,0.166272352
1224,2.757017236
1225,-0.64858296
1226,-1.370714217
1227,-9.051249714
1228,10.7493779
1229,0.575922635
1230,10.11798763
1231,-0.527605897
1232,-3.025507179
1233,1.497351083
1234,-8.351212748
1235,-4.642963394
1236,0.273087396
1237,0.20506469
1238,-1.532521945
1239,0.20827254
1240,1.132080454
1241,0.865318965
1242,6.485029882
1243,-2.235411393
1244,1.974871607
1245,8.450122002
1246,-4.531511288
1247,4.007891013
1248,7.479807524
1249,-11.57621572
1250,-6.970937178
1251,-3.484037883
1252,-1.789797704
1253,1.364270847
1254,-5.920009943
1255,-2.091129126
1256,-2.643650977
1257,6.268456082
1258,-0.497163555
1259,4.868528692
1260,3.411451119
1261,-5.275966494
1262,7.634005585
1263,-5.09542264
1264,5.40869499
1265,-6.127121995
1266,-7.242397607
1267,-5.508242844
1268,3.802829734
1269,0.379090312
1270,0.715805441
1271,5.138608311
1272,-1.975759007
1273,1.292703355
1274,2.092646286
1275,-6.376596321
1276,-5.577172677
1277,2.001202878
1278,3.277066573
1279,5.266380458
1280,-4.979523131
1281,-0.994614465
1282,-10.12323898
1283,-4.16592442
1284,0.345322411
1285,2.780431434
1286,-0.192337492
1287,2.500291787
1288,1.883258231
1289,7.631718677
1290,0.648956009
1291,1.334287174
1292,-6.632656098
1293,3.181263185
1294,-0.38779915
1295,7.482727157
1296,1.033655112
1297,-5.57787345
1298,0.947290568
1299,-4.541121149
1300,-2.684920616
1301,2.065619808
1302,4.341578534
1303,2.878507389
1304,4.080319208
1305,1.364506231
1306,-1.995146568
1307,-5.49153286
1308,6.277303522
1309,-4.433549684
1310,-6.015096864
1311,0.856486216
1312,0.844785488
1313,-5.412764472
1314,-2.142585855
1315,-0.240794674
1316,-1.159807395
1317,3.15201498
1318,-2.100462022
1319,-5.778574274
1320,0.60799127
1321,-1.545265021
1322,-0.649624301
1323,-8.289920359
1324,-3.443221271
1325,1.463595146
1326,-5.340727795
1327,-8.236171176
1328,-8.599028255
1329,-1.598199248
1330,4.106404651
1331,-6.429452556
1332,4.520609239
1333,3.638887283
1334,7.523761992
1335,10.28141598
1336,0.325617794
1337,3.345517082
1338,-12.9136931
1339,4.579242431
1340,0.534238753
1341,-5.692885249
1342,-5.656160227
1343,-4.007714392
1344,-1.516556866
1345,-4.03660139
1346,3.592191641
1347,3.391447763
1348,-3.36385764
1349,1.195195826
1350,5.951738217
1351,7.258943518
1352,2.284937084
1353,-4.695331935
1354,-3.931445375
1355,3.378186192
1356,5.355798243
1357,4.79005766
1358,2.841431151
1359,0.314920937
1360,0.721793169
1361,-4.501896667
1362,7.911896364
1363,-2.109101546
1364,0.218471147
1365,1.403938175
1366,16.9215504
1367,6.124134417
1368,-2.572873205
1369,5.038028778
1370,-3.687344699
1371,-1.263291376
1372,-1.457088157
1373,4.44648481
1374,-1.960461029
1375,9.572913401
1376,-4.087643938
1377,-2.958680071
1378,-2.440681078
1379,-3.076281516
1380,-1.812217941
1381,6.751947061
1382,2.501245978
1383,3.432987334
1384,3.727912574
1385,-3.304226057
1386,-1.296348731
1387,5.311459996
1388,-0.153857843
1389,9.708309839
1390,-2.713106825
1391,7.897171894
1392,-0.963437013
1393,-11.10042301
1394,-5.604078898
1395,-7.118159455
1396,6.04898709
1397,6.886466711
1398,2.714344445
1399,0.992849477
1400,-9.612841973
1401,3.007184957
1402,-10.42763517
1403,2.125377332
1404,-2.137192649
1405,0.008358594
1406,5.601589082
1407,4.716326621
1408,-4.472601429
1409,8.909641569
1410,-3.53487425
1411,2.529928245
1412,-1.332562315
1413,2.558270201
1414,-1.101901821
1415,8.249808708
1416,5.356717347
1417,2.414997835
1418,-0.827070106
1419,-6.428940651
1420,6.93005637
1421,9.599819836
1422,-1.716679353
1423,-4.086882468
1424,8.969687475
1425,-7.561609287
1426,-1.088992935
1427,4.965134687
1428,-3.183286484
1429,1.718314731
1430,-2.406263968
1431,-11.25522263
1432,0.953575385
1433,-0.732129441
1434,1.524107206
1435,-1.482243345
1436,-9.581923373
1437,1.49652158
1438,-0.03270663
1439,2.63828058
1440,5.502101912
1441,-1.916513403
1442,-3.818454565
1443,6.926311223
1444,4.333434207
1445,8.928625863
1446,5.141539945
1447,-4.421566542
1448,-1.178842657
1449,-2.36432709
1450,-6.092396772
1451,0.626789715
1452,7.559662853
1453,2.89276697
1454,7.129316473
1455,-1.232097483
1456,1.612223709
1457,-1.615061382
1458,7.540507635
1459,-2.550747134
1460,-10.01269791
1461,-7.03976599
1462,-3.23383202
1463,5.865301875
1464,-4.70180593
1465,1.883724082
1466,-7.960632496
1467,7.024975711
1468,-6.844134628
1469,-2.468212395
1470,3.366294131
1471,-7.214739777
1472,-9.995218122
1473,2.247838457
1474,1.160213733
1475,-0.369213172
1476,-1.715598365
1477,1.436585887
1478,0.784550498
1479,-3.433957027
1480,6.631576964
1481,8.321915218
1482,6.968196187
1483,-6.162251584
1484,8.136272612
1485,-9.299670191
1486,2.149842279
1487,9.270187042
1488,5.78924878
1489,-4.200754538
1490,1.462613775
1491,-1.794155856
1492,14.43263182
1493,4.339858691
1494,-7.635991337
1495,-1.553179911
1496,3.644522908
1497,2.518586455
1498,-7.445047331
1499,3.882800052
1500,2.217195264
1501,2.854289955
1502,1.510173597
1503,0.288583788
1504,-4.23710482
1505,2.735506871
1506,-8.959714013
1507,-2.081262397
1508,-3.085970328
1509,-3.131865683
1510,-7.221269944
1511,2.765611005
1512,2.243031816
1513,-8.452830224
1514,5.52572338
1515,-1.529981609
1516,-11.69865515
1517,-9.048121868
1518,2.095559258
1519,12.23155838
1520,4.215861125
1521,4.530292227
1522,-3.937570932
1523,-1.084034825
1524,2.43704728
1525,1.706290732
1526,8.212735412
1527,-6.259514877
1528,-1.439479655
1529,10.46661245
1530,-10.70432584
1531,-0.893386932
1532,4.680600208
1533,2.755912448
1534,-4.002026078
1535,1.441644756
1536,-0.768907305
1537,-5.669532972
1538,3.514851033
1539,-0.10229937
1540,13.46910351
1541,11.29144095
1542,-4.882808292
1543,-4.255952641
1544,3.356382533
1545,-6.928328665
1546,3.413267473
1547,3.638651711
1548,-4.954355907
1549,1.945869494
1550,-1.668604849
1551,7.654993018
1552,-0.471334931
1553,-2.307671156
1554,-12.16207132
1555,2.764937697
1556,-0.687757442
1557,-5.445079069
1558,-3.185631076
1559,1.25800132
1560,4.167296993
1561,2.704712643
1562,2.972495707
1563,3.38652903
1564,4.625412532
1565,3.744772401
1566,-2.14865284
1567,1.953534188
1568,-9.351367962
1569,-0.446009113
1570,2.447696567
1571,2.534268202
1572,2.594928273
1573,-1.581444721
1574,-6.492216291
1575,2.076307763
1576,-12.24087436
1577,3.940991514
1578,7.173610087
1579,-0.649950413
1580,-8.038022281
1581,3.783306861
1582,6.521945237
1583,4.088643076
1584,-10.56694885
1585,3.359623363
1586,0.705706704
1587,-4.63916879
1588,-6.607527263
1589,-4.586777562
1590,1.631099637
1591,-6.573466881
1592,1.797651293
1593,2.042447116
1594,-5.370809228
1595,-5.305997398
1596,-6.132229896
1597,-0.358179231
1598,4.128630684
1599,4.369736362
1600,-2.074054054
1601,-1.277429721
1602,3.49681353
1603,0.768907689
1604,-4.421405787
1605,8.032100324
1606,-0.037862596
1607,0.726098685
1608,2.242590199
1609,-4.378634812
1610,-2.373497845
1611,8.944237126
1612,-2.310753215
1613,2.821307469
1614,-8.703318099
1615,8.974075661
1616,4.788785432
1617,-6.341776757
1618,1.037180301
1619,8.969581035
1620,9.318631808
1621,-4.416152871
1622,-0.708083471
1623,5.945044751
1624,2.890067051
1625,-10.596405
1626,5.776169806
1627,7.891238973
1628,-2.44931242
1629,4.864100975
1630,-0.133364122
1631,8.984704682
1632,8.751159516
1633,6.739043918
1634,-4.51510797
1635,-8.571693143
1636,7.960982447
1637,1.637333004
1638,2.412951114
1639,2.393025414
1640,-4.769307771
1641,-8.307546668
1642,-0.0356227
1643,0.749090056
1644,7.106491648
1645,2.283986903
1646,0.46759901
1647,-8.742045147
1648,-4.788199567
1649,5.371147763
1650,-6.557851477
1651,-7.300764047
1652,0.701262404
1653,6.013135305
1654,1.993189236
1655,-3.113484129
1656,-6.05811809
1657,4.578052912
1658,3.132020397
1659,-4.358726151
1660,0.904690137
1661,-1.525880026
1662,0.012862141
1663,13.49977136
1664,-2.176173219
1665,-9.010612414
1666,7.25743635
1667,5.745542859
1668,-6.229727284
1669,-5.687123022
1670,-2.029476672
1671,0.960119103
1672,5.99340692
1673,3.108020155
1674,-4.051633932
1675,-9.649187272
1676,-4.774800486
1677,-2.918172375
1678,1.667412831
1679,-8.758830465
1680,-0.032067792
1681,-0.667904412
1682,4.009940952
1683,3.820390686
1684,-6.507769925
1685,4.912022911
1686,1.593935348
1687,-4.165433781
1688,-1.024055668
1689,6.286714455
1690,4.683051921
1691,4.69850245
1692,-9.144133895
1693,-3.067711498
1694,-6.905419534
1695,2.403418214
1696,-4.079202267
1697,5.657309764
1698,1.971898194
1699,-10.31445346
1700,-1.635925367
1701,3.875517467
1702,3.899973731
1703,-3.148259717
1704,-3.477163969
1705,-2.313107567
1706,-1.523601739
1707,4.466122065
1708,2.358854841
1709,-1.794596659
1710,-2.288609767
1711,-0.25352172
1712,3.077205179
1713,-3.426584635
1714,4.056415769
1715,3.047863982
1716,2.252952319
1717,-2.991685076
1718,4.271361276
1719,12.81474309
1720,2.353409676
1721,-5.463325562
1722,-2.626966337
1723,-8.672110583
1724,0.940663786
1725,5.189944134
1726,5.622053083
1727,-5.056395034
1728,-6.458732058
1729,-4.734639181
1730,-7.596272557
1731,-4.752048633
1732,11.99965283
1733,10.96153119
1734,3.316655958
1735,1.507161772
1736,2.765346501
1737,-9.356885796
1738,3.505987787
1739,-6.185222465
1740,0.364643654
1741,4.020545607
1742,-3.116781902
1743,-6.174546057
1744,-8.317627142
1745,-2.063693289
1746,-1.905314419
1747,0.486517688
1748,-7.46162393
1749,2.189104637
1750,5.611288326
1751,0.924731349
1752,-7.056385424
1753,-8.244770693
1754,-0.10170135
1755,4.621434986
1756,-7.499551647
1757,-0.548574694
1758,9.092023967
1759,3.643274235
1760,-2.496256918
1761,4.044383571
1762,-3.21476571
1763,7.645352396
1764,-2.016136028
1765,-1.585372148
1766,2.036008301
1767,7.778425703
1768,-2.407231304
1769,-5.878464318
1770,9.013155959
1771,1.182502094
1772,-6.199333775
1773,6.006001241
1774,-1.100825152
1775,-8.564599765
1776,-6.058300069
1777,5.66706109
1778,13.09786589
1779,-1.252830911
1780,-2.113273176
1781,3.326607046
1782,5.520181876
1783,0.432116837
1784,-0.817098414
1785,-1.688930289
1786,-1.383234832
1787,1.358996229
1788,-0.851487195
1789,4.088195205
1790,-8.509950886
1791,4.826457882
1792,3.412076297
1793,13.12453265
1794,-11.11880949
1795,9.227348771
1796,3.783350651
1797,7.521930549
1798,6.387057406
1799,1.080633183
1800,5.837667982
1801,-0.266830903
1802,4.329137016
1803,2.183915582
1804,0.679220453
1805,2.809399154
1806,8.086712893
1807,3.158373278
1808,7.936538772
1809,-4.22474186
1810,-4.911934569
1811,-5.058862362
1812,5.416015553
1813,6.17970408
1814,5.435173105
1815,-10.79773663
1816,10.61942417
1817,-4.687716059
1818,-4.52688331
1819,-5.853865378
1820,2.482718352
1821,-0.231411988
1822,0.036660351
1823,1.756887278
1824,-4.661032837
1825,3.647154715
1826,6.740971714
1827,0.682675331
1828,-1.070438256
1829,-2.715104715
1830,3.897148398
1831,4.382469005
1832,3.460774044
1833,-6.399326431
1834,5.938424763
1835,8.946840094
1836,-2.84317894
1837,7.854983486
1838,8.452056307
1839,0.295214698
1840,-6.97496969
1841,10.86104897
1842,-6.773529691
1843,-9.893816929
1844,-5.35486846
1845,9.714024413
1846,-1.016447657
1847,-4.821481017
1848,2.740153464
1849,1.665395156
1850,7.00892371
1851,3.160344794
1852,-1.432610348
1853,3.586952826
1854,5.155818984
1855,-8.650792809
1856,0.398767493
1857,-6.7980062
1858,-3.458386083
1859,-2.064666923
1860,-2.837309187
1861,1.355428087
1862,12.5967108
1863,-3.706849462
1864,-0.781246811
1865,2.135139717
1866,-5.572516413
1867,2.125503349
1868,-6.666155383
1869,-3.25855008
1870,-4.785572888
1871,-5.047566274
1872,1.759535796
1873,-0.735392807
1874,1.745777583
1875,-6.146874361
1876,4.89808359
1877,-6.539684635
1878,2.186274804
1879,-5.910499635
1880,0.931870248
1881,-3.073765692
1882,-4.02778399
1883,3.889112644
1884,0.751213463
1885,-0.810942788
1886,-0.777654441
1887,-5.692083955
1888,-1.36976339
1889,3.88691975
1890,-1.363632429
1891,11.13104881
1892,-14.67027177
1893,-3.706767177
1894,6.710464729
1895,-0.643413559
1896,-8.296907376
1897,8.998769552
1898,0.915364431
1899,-0.858945926
1900,6.545048602
1901,2.198507456
1902,0.777375265
1903,4.038077505
1904,-11.10367829
1905,-4.399748211
1906,-3.70632044
1907,-3.632130365
1908,9.214204977
1909,-7.000825232
1910,-2.240709316
1911,-2.191939536
1912,-7.196879205
1913,4.331247492
1914,-5.727089634
1915,-1.184761191
1916,6.22118814
1917,-4.672565807
1918,6.072835988
1919,3.098204922
1920,-4.816692597
1921,-2.871718313
1922,-1.078477873
1923,-7.676431086
1924,2.431698435
1925,-7.283555103
1926,-1.570572257
1927,-0.815155726
1928,2.921676767
1929,-0.066227668
1930,5.753792321
1931,-0.656251875
1932,14.86020726
1933,3.683171859
1934,6.625707726
1935,4.698282394
1936,-2.751763357
1937,4.46371938
1938,3.918273589
1939,-0.502236052
1940,2.484982997
1941,-5.768817195
1942,5.429677129
1943,2.516374514
1944,-2.078978772
1945,0.028271983
1946,-6.075793597
1947,-6.260889643
1948,4.553092689
1949,-4.386731199
1950,1.468782514
1951,-5.96381951
1952,-3.085130609
1953,-4.6305936
1954,6.487660195
1955,-0.18305568
1956,1.740517088
1957,1.840530219
1958,2.42863759
1959,1.096365204
1960,-2.761133678
1961,5.818665819
1962,1.808389496
1963,1.991188813
1964,-8.956471703
1965,2.488491288
1966,2.181055923
1967,5.259592115
1968,8.789615444
1969,-9.153086208
1970,-0.623205433
1971,-1.880409142
1972,-3.349236639
1973,-1.327488045
1974,-0.287354778
1975,3.308559322
1976,1.400973209
1977,-2.853173494
1978,-2.797101627
1979,1.385532223
1980,-0.920330928
1981,-6.214607714
1982,-9.4193755
1983,5.656088523
1984,0.357543897
1985,5.025751976
1986,2.388850615
1987,-7.575070597
1988,-0.673227778
1989,-3.648034983
1990,2.492907177
1991,1.069548748
1992,-2.699569308
1993,3.903406948
1994,-1.028254879
1995,-6.252657879
1996,-0.873302082
1997,-6.756621338
1998,1.658028009
1999,8.603019846
2000,-3.399098515
2001,-6.684971228
2002,-3.235289949
2003,0.065441982
2004,7.418599969
2005,-10.31508812
2006,3.911817581
2007,-14.53456493
2008,1.537914209
2009,2.946710871
2010,-0.70285939
2011,-7.157565652
2012,-3.805563595
2013,-5.006096457
2014,8.134348738
2015,3.046402133
2016,0.246903971
2017,-6.039970883
2018,3.216433108
2019,-2.722431863
2020,-6.634785143
2021,-1.998535398
2022,-5.238873393
2023,-5.191842432
2024,3.285960684
2025,-2.925613271
2026,-6.33288579
2027,-4.261794627
2028,7.948139103
2029,7.74702096
2030,-7.908649827
2031,-7.172809795
2032,-4.57867643
2033,-1.762945966
2034,2.026016839
2035,-5.309141339
2036,-0.814389864
2037,3.785370424
2038,-0.457626779
2039,9.62296872
2040,2.790089663
2041,-1.718925112
2042,3.339239197
2043,-5.252968389
2044,-4.164438897
2045,0.824633149
2046,-0.858218076
2047,10.34930311
2048,-1.212638891
2049,-2.405137244
2050,3.374113982
2051,1.051958097
2052,-6.300807328
2053,-4.01720914
2054,-1.147167066
2055,3.486137155
2056,-1.144653002
2057,-2.875041246
2058,2.596843402
2059,-3.233716162
2060,3.331934698
2061,1.790292519
2062,8.633345256
2063,-3.03930969
2064,3.793731901
2065,5.430561214
2066,8.639629849
2067,-4.286543532
2068,-1.540994923
2069,5.504061745
2070,-5.606178848
2071,-1.260926378
2072,-1.456157133
2073,0.219950353
2074,6.773149677
2075,-6.112944489
2076,-1.593013865
2077,0.03302038
2078,3.162472599
2079,2.696230076
2080,0.520614061
2081,10.02667887
2082,2.102427955
2083,-8.705512432
2084,6.843989572
2085,5.900348318
2086,-9.341940259
2087,2.48432826
2088,-2.051948258
2089,-3.068412556
2090,-0.982827111
2091,-1.630239641
2092,-4.662598672
2093,1.182014802
2094,-2.423208938
2095,4.639739865
2096,2.948771219
2097,1.642701576
2098,-5.640852136
2099,-0.017834522
2100,-8.264079058
2101,1.04230296
2102,8.794583471
2103,4.032604715
2104,1.267647515
2105,5.523084779
2106,-5.46025929
2107,1.012211177
2108,-7.261412872
2109,5.070614854
2110,-3.790208904
2111,-3.113069425
2112,-7.399507837
2113,6.243009344
2114,-5.605768611
2115,-3.271925274
2116,2.498373083
2117,1.142241962
2118,2.719726876
2119,-5.246450392
2120,7.638848481
2121,-3.269074115
2122,-7.382071734
2123,-7.147998828
2124,-0.45074455
2125,-2.449863076
2126,4.042367656
2127,3.482936372
2128,-5.030667936
2129,-2.47092213
2130,-7.891181568
2131,-0.090073714
2132,5.83373125
2133,2.838615571
2134,2.164891529
2135,2.52479709
2136,4.627293939
2137,2.129241959
2138,-4.815629914
2139,8.360730582
2140,0.017534683
2141,12.91096541
2142,-2.567830908
2143,-8.447245334
2144,-1.701702986
2145,-2.578769859
2146,3.029571395
2147,1.615210537
2148,-0.550203559
2149,4.340338046
2150,-2.834037908
2151,-1.515831417
2152,-9.268004057
2153,3.014912538
2154,-2.552244989
2155,-4.639249506
2156,4.092905257
2157,-2.739125141
2158,-3.825517637
2159,2.410407852
2160,5.204517233
2161,1.169826583
2162,-2.105783689
2163,-4.077293508
2164,10.82798352
2165,-7.516806604
2166,11.68602179
2167,-0.366686082
2168,3.507811285
2169,-4.350210849
2170,-4.281322649
2171,5.274193059
2172,4.562063649
2173,-6.517076479
2174,7.527606442
2175,1.412088384
2176,-6.788010856
2177,-6.734101675
2178,-8.141203177
2179,6.266740521
2180,3.14883451
2181,3.328234718
2182,-10.61977622
2183,3.133381287
2184,-1.898200745
2185,0.568558484
2186,2.187746071
2187,-0.362148137
2188,-3.341974659
2189,6.795352936
2190,-3.048410263
2191,-3.601273191
2192,3.92092421
2193,3.937346975
2194,2.998712528
2195,-1.178013877
2196,10.18586861
2197,-4.554408262
2198,-5.052044436
2199,0.169200962
2200,-5.79095523
2201,-4.33973393
2202,-1.053868695
2203,-9.784974173
2204,11.17866649
2205,-9.994189929
2206,8.445597696
2207,2.416924352
2208,-6.034580669
2209,-3.788872729
2210,-2.231849217
2211,-0.701442668
2212,-3.963267928
2213,3.859858608
2214,-0.995398005
2215,-5.28242838
2216,-0.549405566
2217,1.111939552
2218,-2.422331887
2219,-9.262774917
2220,-4.444847603
2221,1.476527622
2222,-5.045748409
2223,3.276452139
2224,6.667576569
2225,-7.675319528
2226,-1.877336869
2227,-2.129790976
2228,3.668199553
2229,-0.549101211
2230,7.085384776
2231,-6.075210283
2232,-0.771744383
2233,7.867753897
2234,-6.937166218
2235,-10.10543529
2236,6.662742242
2237,-0.762825686
2238,4.732099101
2239,-6.208647379
2240,4.599349127
2241,11.49109615
2242,-7.597983808
2243,-2.639697551
2244,-1.438544948
2245,11.0224481
2246,3.567002765
2247,4.812943057
2248,7.76119939
2249,0.162583475
2250,11.44262272
2251,-1.765446108
2252,-2.407362793
2253,-5.360626763
2254,1.435727798
2255,4.984360183
2256,-0.990530001
2257,-0.219091574
2258,-1.30942969
2259,-2.790776167
2260,4.265893448
2261,-0.929643932
2262,2.070967366
2263,5.497981229
2264,5.30618296
2265,8.689429947
2266,-0.396890111
2267,-8.920907772
2268,-4.994248474
2269,3.680126069
2270,9.329640492
2271,1.272125868
2272,5.839821954
2273,-3.077947261
2274,-13.8763971
2275,3.515496818
2276,-5.834941551
2277,-3.262066051
2278,-2.208220732
2279,9.936641461
2280,0.724304268
2281,12.18156287
2282,-3.131242871
2283,-1.616628914
2284,5.668268674
2285,11.49585575
2286,-0.378113508
2287,5.893931593
2288,-4.790263984
2289,-11.43897846
2290,-9.430109697
2291,-3.560602997
2292,-3.679325199
2293,-3.783980228
2294,-3.637034669
2295,-7.135502116
2296,-2.537981485
2297,-4.188547442
2298,2.688829374
2299,2.543829208
2300,6.494889887
2301,1.465162522
2302,1.894518901
2303,7.15752941
2304,-1.419761553
2305,-3.60548484
2306,5.504102745
2307,7.330889134
2308,2.766743496
2309,1.072411217
2310,5.832116967
2311,8.00987489
2312,-10.54791833
2313,-2.238563681
2314,0.369765177
2315,-4.721079325
2316,10.4385389
2317,-7.720314224
2318,-6.104807545
2319,-1.797836727
2320,-4.937043138
2321,-2.123898865
2322,0.470086985
2323,4.085018188
2324,-7.765874414
2325,2.912847487
2326,1.557467059
2327,-6.028817208
2328,3.142626803
2329,-3.368702325
2330,3.265005092
2331,-2.828204954
2332,3.74229253
2333,5.285471104
2334,1.225990608
2335,-10.94020589
2336,5.164936356
2337,2.190739362
2338,3.639058899
2339,6.406556038
2340,1.559730319
2341,-10.07332387
2342,1.704296887
2343,-2.948618244
2344,-5.70887407
2345,-7.335773156
2346,0.636672168
2347,-8.843798176
2348,2.430000461
2349,5.818381012
2350,5.136189634
2351,-2.05499115
2352,7.243267549
2353,-2.303908562
2354,-1.850650532
2355,-7.53763824
2356,10.03306303
2357,7.536805855
2358,0.013324251
2359,4.60457743
2360,2.276682576
2361,1.546847315
2362,3.654392755
2363,-4.156229033
2364,2.779933347
2365,-12.32609741
2366,2.281532733
2367,-6.828247033
2368,-6.526998455
2369,-1.911176028
2370,-2.849658061
2371,4.010297494
2372,7.1059044
2373,-6.756176547
2374,3.650557717
2375,5.685540551
2376,-3.299221993
2377,-4.281586204
2378,-1.974310328
2379,4.403257534
2380,4.655262353
2381,-9.53096177
2382,-0.524932505
2383,-0.561415611
2384,-3.354090075
2385,-4.037886614
2386,-0.351050497
2387,-5.981508369
2388,1.218848533
2389,-7.053878095
2390,-0.730624906
2391,-4.940523491
2392,-4.766354783
2393,0.385121757
2394,11.23606112
2395,-4.190884508
2396,-0.157393601
2397,-1.442190664
2398,-1.86398878
2399,6.760364468
2400,-1.485616316
2401,-0.436792129
2402,-6.084773862
2403,4.192409419
2404,-10.00745736
2405,-0.729871279
2406,-5.533499302
2407,5.786214261
2408,-5.520156279
2409,4.358452152
2410,8.593268423
2411,-1.37152854
2412,-0.843889732
2413,-5.318054908
2414,-4.721128055
2415,0.165923832
2416,-3.810204877
2417,4.699622834
2418,3.878144224
2419,8.477632174
2420,-4.656632012
2421,-4.799788348
2422,1.091316514
2423,-6.300744174
2424,1.901059351
2425,8.865945452
2426,-0.690464334
2427,0.249177357
2428,13.81416998
2429,-4.580394564
2430,6.559303397
2431,7.523720009
2432,-8.440206053
2433,-3.637982747
2434,-1.147403994
2435,-9.508893772
2436,-5.794973056
2437,4.006834332
2438,-5.091139262
2439,-6.387851091
2440,-0.603117065
2441,1.03437713
2442,8.625273967
2443,3.039249391
2444,-0.233162867
2445,-5.481195161
2446,-1.965256971
2447,1.218253897
2448,-6.124743386
2449,-0.827852214
2450,6.743014432
2451,-6.458092517
2452,10.5459838
2453,3.925395039
2454,-4.869330251
2455,8.361488271
2456,6.757236962
2457,0.442173547
2458,-6.70759715
2459,1.752237617
2460,1.402182118
2461,7.089851121
2462,-11.76246905
2463,6.412544427
2464,-1.623348795
2465,1.264161042
2466,6.201703137
2467,-2.135355536
2468,0.53713971
2469,7.307831265
2470,-8.712594187
2471,-3.079809042
2472,1.507980944
2473,-8.459367951
2474,3.440877111
2475,-1.52337335
2476,-4.116436019
2477,3.710842597
2478,-7.090905665
2479,-7.552550317
2480,-0.411436805
2481,0.541359887
2482,0.851497766
2483,4.595598084
2484,9.391428253
2485,-1.562690988
2486,-4.458098132
2487,8.689049929
2488,-4.718032402
2489,-2.725497431
2490,-3.319808453
2491,-0.910778258
2492,6.907893345
2493,-5.921275899
2494,-2.080021178
2495,4.785601712
2496,-2.753371754
2497,-6.297366837
2498,-3.268257044
2499,-5.625915301
2500,2.082985977
2501,-8.905872141
2502,2.32845453
2503,4.621667177
2504,-4.235535272
2505,-2.635308101
2506,-1.735069115
2507,-3.258215774
2508,-2.114445652
2509,5.204375816
2510,-1.708383059
2511,9.633896854
2512,-2.150916167
2513,6.230847158
2514,2.311496418
2515,-4.479651246
2516,5.713200553
2517,-4.728008868
2518,3.1445482
2519,1.312886149
2520,-8.52725504
2521,4.246254944
2522,9.816478734
2523,-2.824284014
2524,1.523927942
2525,-0.360778715
2526,3.948097046
2527,-4.049043227
2528,0.421997926
2529,1.151553239
2530,3.017058044
2531,0.998116088
2532,5.323134962
2533,1.261345139
2534,4.416814179
2535,-1.110055117
2536,-7.770545091
2537,6.64481305
2538,4.08865618
2539,0.097739248
2540,-0.214336478
2541,5.588318859
2542,-4.220444299
2543,7.85748761
2544,-5.094262892
2545,7.420338611
2546,4.127157236
2547,-2.848345237
2548,-2.657083843
2549,4.743180141
2550,0.946625186
2551,-4.606329498
2552,7.797554984
2553,-13.27763446
2554,-4.588685309
2555,3.529093176
2556,1.598285937
2557,-0.191437065
2558,7.527606277
2559,6.224723254
2560,-3.919921382
2561,9.49403399
2562,5.035265251
2563,4.729914093
2564,0.42169141
2565,0.225065566
2566,0.735337441
2567,9.556862001
2568,10.4624197
2569,-2.219484585
2570,-5.741333115
2571,-1.191687828
2572,7.967597779
2573,14.75331499
2574,-2.439380012
2575,-4.724455449
2576,0.983220133
2577,0.019682961
2578,5.415853583
2579,2.174902082
2580,-1.161676675
2581,4.680742727
2582,3.396135433
2583,-3.597270788
2584,-5.210300714
2585,-0.908612867
2586,4.550973865
2587,-1.896525583
2588,-1.980309623
2589,1.723022947
2590,0.622554913
2591,-2.530679978
2592,2.550303758
2593,3.044478359
2594,-4.407869881
2595,-1.694633117
2596,3.603203564
2597,1.098729332
2598,4.677621244
2599,3.158376882
2600,10.01731917
2601,5.117301878
2602,0.601532998
2603,-0.564123952
2604,-4.697866441
2605,-9.12506179
2606,4.474558647
2607,-2.251393312
2608,-1.801724793
2609,1.443179977
2610,7.06156738
2611,6.812864698
2612,-7.529200231
2613,-0.003268475
2614,1.819154683
2615,-4.855771106
2616,-6.811192691
2617,2.610014675
2618,10.39698706
2619,-0.211609638
2620,7.056207531
2621,1.718632176
2622,2.602975789
2623,0.316489833
2624,-0.763300512
2625,-4.557958738
2626,7.985495111
2627,2.606774542
2628,-7.865071085
2629,2.544149019
2630,0.493214986
2631,-6.499566079
2632,-3.656220824
2633,-5.063602518
2634,-8.32436028
2635,-4.915131341
2636,-3.866582521
2637,-7.608994285
2638,0.401804984
2639,3.666077407
2640,6.139943383
2641,3.267073807
2642,0.969468371
2643,0.453637037
2644,-2.243755647
2645,5.879434331
2646,-0.143664885
2647,-11.60943734
2648,4.454857875
2649,-5.481507079
2650,-2.686752294
2651,-2.513692098
2652,-1.290295241
2653,2.388751359
2654,3.347196724
2655,0.892285703
2656,4.21087341
2657,5.25056651
2658,8.440569383
2659,1.435239275
2660,3.069608952
2661,1.073650637
2662,2.424429243
2663,1.494001739
2664,-1.408826388
2665,3.690241055
2666,-10.0570724
2667,1.230987044
2668,-1.894408484
2669,6.004220482
2670,-3.629375538
2671,-9.452273204
2672,5.148467123
2673,1.234848734
2674,-2.912588299
2675,-1.46270402
2676,-2.012104295
2677,-6.090563527
2678,-13.20632236
2679,-5.856127394
2680,-0.533118475
2681,3.126634636
2682,3.312841577
2683,4.075670542
2684,-0.426309587
2685,-7.250938748
2686,4.178798377
2687,-0.361306415
2688,2.51364869
2689,-2.453766699
2690,4.693061491
2691,2.30501892
2692,-5.925928971
2693,6.820170303
2694,2.391665344
2695,4.710213294
2696,-1.53614577
2697,-2.902397219
2698,7.319838978
2699,-8.382445658
2700,7.871973962
2701,7.25918136
2702,-3.250944542
2703,-7.475011156
2704,-7.180592571
2705,-8.032644635
2706,3.242155934
2707,2.139652379
2708,-3.053957413
2709,2.164451361
2710,-7.562404849
2711,12.466647
2712,0.792967936
2713,4.064347809
2714,-2.616456557
2715,1.182679845
2716,5.640897632
2717,-1.768655713
2718,-0.967597085
2719,3.07434551
2720,-13.22144934
2721,1.601767735
2722,1.523578924
2723,0.253149144
2724,5.899107517
2725,0.182812228
2726,3.825956164
2727,-0.716070752
2728,-3.863439189
2729,-0.930885493
2730,-6.794785262
2731,8.459650313
2732,-2.456145315
2733,-10.27927346
2734,9.856478319
2735,-0.36375997
2736,0.11286039
2737,9.611405727
2738,-0.093888343
2739,2.371608511
2740,3.062556649
2741,-8.37870873
2742,-5.317808913
2743,-5.097496383
2744,7.04487199
2745,-3.270942572
2746,11.63934642
2747,-4.765624011
2748,2.212810263
2749,-2.200352216
2750,-5.594674571
2751,2.191800052
2752,-8.467754545
2753,2.306377539
2754,5.115265479
2755,-6.458489454
2756,6.239914633
2757,2.593582854
2758,-1.567462805
2759,-8.100902297
2760,8.061259939
2761,14.21179147
2762,-1.193362247
2763,-7.594677753
2764,-7.337139803
2765,-0.889764952
2766,2.878875087
2767,-4.388208728
2768,-5.134140413
2769,-5.365296186
2770,5.645832319
2771,-1.694375195
2772,-6.508033566
2773,-3.8492896
2774,7.570891635
2775,10.4951932
2776,-2.321352028
2777,0.190999969
2778,-4.673092968
2779,2.989834467
2780,-6.314916538
2781,-3.802839351
2782,-1.757127601
2783,-3.339280155
2784,7.640408203
2785,5.488101126
2786,-0.838997637
2787,2.008336772
2788,-4.74673027
2789,-4.750567218
2790,-4.83042842
2791,-2.885555665
2792,1.852277016
2793,-1.618946146
2794,4.22564102
2795,-2.218098368
2796,-3.649740044
2797,-5.563914
2798,0.672233742
2799,5.730740923
2800,3.458274633
2801,-3.409905217
2802,1.923257751
2803,8.234579324
2804,-2.36251531
2805,-5.749003196
2806,5.405646622
2807,-0.390729321
2808,-4.78808116
2809,5.125811915
2810,2.522632381
2811,-11.70654227
2812,-4.61588429
2813,-4.030330382
2814,0.445600096
2815,3.961464201
2816,3.228597459
2817,1.95640336
2818,-6.305359131
2819,0.409632546
2820,-6.012403543
2821,-10.39944735
2822,-7.645205511
2823,-11.54938839
2824,-3.084157367
2825,3.212357646
2826,5.043532098
2827,3.301882073
2828,-4.96864646
2829,-0.094803923
2830,5.010080488
2831,1.130977615
2832,6.088840141
2833,-8.304000011
2834,-4.425137264
2835,-2.347521654
2836,1.119375953
2837,-2.862614127
2838,2.38170811
2839,11.20846095
2840,-9.128003783
2841,-5.575379651
2842,-2.138297509
2843,0.089897219
2844,5.065534953
2845,0.207301231
2846,-2.039774202
2847,-5.424986018
2848,-2.446244887
2849,1.15265702
2850,2.934070068
2851,-2.408790202
2852,-1.218098848
2853,0.455948036
2854,7.139485762
2855,-1.711272781
2856,-6.362434375
2857,2.3925786
2858,-4.677929483
2859,7.891536745
2860,8.178668091
2861,-11.29233622
2862,-4.926174889
2863,5.887740658
2864,-2.077795667
2865,-2.00112318
2866,0.033126667
2867,11.18520157
2868,-5.764808198
2869,1.932840695
2870,0.458787239
2871,-7.949377325
2872,-2.903144462
2873,-3.2984185
2874,-6.511826118
2875,1.449990075
2876,-1.503842116
2877,-0.97456079
2878,8.048350822
2879,2.043421536
2880,-2.611741625
2881,-4.050459855
2882,5.981914338
2883,-1.095211237
2884,-4.435779523
2885,7.930774431
2886,-0.564714039
2887,5.499189042
2888,-2.856602564
2889,0.39635127
2890,1.248178333
2891,-4.881352102
2892,-2.272308783
2893,3.325730633
2894,-1.393681635
2895,-2.395804783
2896,3.222786582
2897,-3.361355886
2898,5.259873222
2899,6.125671224
2900,8.504890599
2901,5.233611193
2902,-1.654912417
2903,2.893600105
2904,6.284388728
2905,3.4383408
2906,0.231710241
2907,-7.749220265
2908,8.522682785
2909,6.466786674
2910,3.402179941
2911,5.818880697
2912,-2.672366236
2913,-7.174069296
2914,-4.828884428
2915,-0.762841455
2916,-7.282392475
2917,3.436840511
2918,3.801766212
2919,-2.526440246
2920,-10.44358462
2921,-4.594242455
2922,-2.185965856
2923,4.075210038
2924,3.196662763
2925,5.927489024
2926,1.696082324
2927,8.594409715
2928,4.17409844
2929,1.826811755
2930,-1.338412679
2931,-3.520691159
2932,-6.741330443
2933,-0.378584388
2934,3.526690438
2935,-1.471164444
2936,3.508406134
2937,-7.486848097
2938,4.124933606
2939,-10.62604103
2940,1.349005979
2941,2.664030885
2942,3.181607016
2943,-10.32053726
2944,4.415426517
2945,-2.611393194
2946,-4.265142428
2947,10.65582102
2948,-5.26027225
2949,-3.529040756
2950,6.502788765
2951,8.256960634
2952,-4.73887181
2953,-6.078666932
2954,-1.381205197
2955,2.162083932
2956,3.681166862
2957,2.514747987
2958,-4.918933386
2959,3.790160569
2960,4.032956022
2961,7.248318279
2962,-3.21735533
2963,-2.008398105
2964,0.561164238
2965,11.12906508
2966,5.248271891
2967,-7.238174488
2968,0.230871332
2969,3.644904218
2970,1.711645403
2971,4.094451976
2972,-1.670721872
2973,8.476429154
2974,-4.802387031
2975,9.589768219
2976,0.919517868
2977,4.311674686
2978,3.453904927
2979,2.957372854
2980,9.83468657
2981,10.84222938
2982,3.298396269
2983,-8.04633017
2984,4.585406658
2985,-2.279420012
2986,-11.52631367
2987,1.082281488
2988,0.239395669
2989,0.364023732
2990,4.000263335
2991,-1.404197239
2992,-10.15094285
2993,5.584175264
2994,-6.448319016
2995,1.29462716
2996,1.451116663
2997,-1.316351501
2998,-3.212240463
2999,-6.037001372
3000,-10.67668199
3001,1.880192194
3002,-5.565228623
3003,2.777034296
3004,0.477659648
3005,-0.081415595
3006,-1.644709863
3007,11.02504973
3008,6.598495951
3009,-0.997354072
3010,7.948906228
3011,-6.566403239
3012,-3.26651216
3013,-3.555071077
3014,-4.953242204
3015,-6.786788638
3016,-1.86766534
3017,-8.711942609
3018,-2.226972584
3019,1.54305975
3020,2.190008364
3021,3.094694338
3022,-5.176519166
3023,7.669955839
3024,3.687376947
3025,8.648117044
3026,4.703203352
3027,-2.4964374
3028,0.419619986
3029,-0.902053772
3030,2.412114242
3031,-4.403096994
3032,-5.805075891
3033,-6.200960024
3034,-0.470876372
3035,3.955598612
3036,-4.89782446
3037,0.669621352
3038,0.271729542
3039,0.961169778
3040,-6.898423964
3041,7.745169181
3042,-2.297566369
3043,-4.333375372
3044,2.456203113
3045,6.016923912
3046,-3.680311973
3047,-6.774892378
3048,-1.357232564
3049,-7.042515182
3050,-0.770833363
3051,-0.193293988
3052,7.540958322
3053,6.249743965
3054,9.313633836
3055,-6.438925777
3056,7.641073828
3057,-9.260660418
3058,-11.29633123
3059,-8.403591373
3060,-7.205568814
3061,13.98799702
3062,-0.185289444
3063,-2.188302288
3064,-3.102799799
3065,-0.558602897
3066,5.398633816
3067,-2.395135449
3068,-1.725254708
3069,-1.511017104
3070,-5.560372659
3071,-4.699264623
3072,-9.842246574
3073,-1.930506638
3074,5.015196714
3075,11.21957749
3076,-0.209479328
3077,3.12888622
3078,-2.404244911
3079,-10.97102699
3080,0.675815684
3081,-3.077388069
3082,4.977450465
3083,0.759893531
3084,1.195284828
3085,-5.080093039
3086,-0.998878998
3087,-1.186026648
3088,-10.7138774
3089,-0.990916228
3090,3.179946663
3091,-1.388515758
3092,3.4183604
3093,4.040298134
3094,2.764768857
3095,7.095709616
3096,-6.000636823
3097,-5.513032748
3098,3.609236919
3099,8.433324232
3100,0.420382685
3101,-7.38465532
3102,-2.505414461
3103,4.028939897
3104,-1.516865538
3105,-4.90663385
3106,-5.037762804
3107,5.489332944
3108,2.511979637
3109,1.371317342
3110,1.805900368
3111,-5.203088368
3112,-0.25058329
3113,-1.660767722
3114,-0.33948948
3115,-6.996907491
3116,-4.177489229
3117,-2.248772157
3118,2.581090043
3119,2.887037176
3120,3.622916035
3121,-4.61162275
3122,9.319028784
3123,4.975876028
3124,-4.077296067
3125,-7.830026137
3126,-4.333084436
3127,5.579242585
3128,-4.939332448
3129,-7.581449788
3130,-5.947724235
3131,4.642723275
3132,-7.364420542
3133,0.069468021
3134,6.685906758
3135,1.346532649
3136,3.932502601
3137,-5.979812945
3138,-7.649312215
3139,1.367954534
3140,4.337561119
3141,6.712678228
3142,2.154607352
3143,8.337959297
3144,-9.910233555
3145,1.875216845
3146,6.679240101
3147,-5.479680073
3148,3.639273846
3149,6.021110078
3150,-0.462413941
3151,2.528224012
3152,5.399511188
3153,-6.985122971
3154,3.221424608
3155,6.001181594
3156,3.755127265
3157,-2.577731321
3158,-4.497753675
3159,-6.140179893
3160,-4.144536295
3161,-5.765384284
3162,-1.403439136
3163,5.624723467
3164,-0.319805283
3165,11.53941968
3166,-2.545524901
3167,3.772984087
3168,-4.080571903
3169,-2.422240979
3170,-5.542883663
3171,-2.572647095
3172,4.608951747
3173,-2.595538491
3174,0.618105683
3175,1.901202764
3176,-4.815643173
3177,4.308435246
3178,-6.744510748
3179,1.73076256
3180,7.106264304
3181,-2.587770229
3182,-0.739003576
3183,-2.96389325
3184,6.091571873
3185,1.419563543
3186,-5.481236048
3187,3.802044511
3188,5.701102968
3189,-2.089840618
3190,1.104347864
3191,4.863762485
3192,-7.94644391
3193,1.161944037
3194,-5.042592456
3195,-3.580862725
3196,-0.481162981
3197,-0.386461191
3198,3.168159427
3199,5.250508104
3200,6.425670402
3201,-1.441458824
3202,-1.55478049
3203,3.308432086
3204,4.018378956
3205,-2.531638357
3206,1.193952506
3207,-2.262559962
3208,-3.243584213
3209,-4.533233709
3210,-2.232936411
3211,-0.897825814
3212,2.477005432
3213,3.664614234
3214,0.071121611
3215,3.353881819
3216,11.83420415
3217,1.038260494
3218,3.442443506
3219,-3.697795872
3220,-3.495301408
3221,2.302148208
3222,-5.553537558
3223,0.264194666
3224,0.747422662
3225,-7.995558497
3226,-2.275099895
3227,-5.692449403
3228,1.277772239
3229,11.49053214
3230,-7.174945897
3231,-0.137272848
3232,6.495063448
3233,1.950980459
3234,3.961411682
3235,2.418243498
3236,5.321396445
3237,9.094504056
3238,-0.90512385
3239,-4.586771542
3240,-7.407905906
3241,2.976271465
3242,-4.710529629
3243,9.404417247
3244,0.21752684
3245,-7.360706623
3246,5.91582778
3247,6.576380704
3248,-5.231925756
3249,2.731502083
3250,6.883341503
3251,8.771249688
3252,4.643530172
3253,-9.061117272
3254,-5.443558105
3255,-0.001943645
3256,0.64553973
3257,2.506533466
3258,-0.415380625
3259,-0.713045794
3260,-2.477760743
3261,7.184036414
3262,10.91866755
3263,-8.03836202
3264,0.574246563
3265,-0.04236206
3266,-4.773888405
3267,1.871621419
3268,1.419111082
3269,-3.166020934
3270,6.581854065
3271,-1.26440453
3272,-7.901404655
3273,-3.493957976
3274,1.326482999
3275,-4.328361822
3276,2.99159456
3277,-6.150783222
3278,-9.562152662
3279,-9.545684234
3280,-1.251429724
3281,1.041976711
3282,-0.744041137
3283,-4.621017312
3284,5.097237829
3285,-4.853595477
3286,-4.425664082
3287,9.224979441
3288,-1.981490088
3289,7.007870422
3290,-3.191741926
3291,2.839428765
3292,3.55708234
3293,6.508958082
3294,8.003611664
3295,1.546553373
3296,-2.899352851
3297,0.6318641
3298,-5.248919892
3299,1.92849288
3300,-10.35468206
3301,2.066639989
3302,-3.922594312
3303,-2.628809661
3304,-4.290179618
3305,5.838123424
3306,-2.05841477
3307,7.551059341
3308,5.461119669
3309,-1.681404345
3310,-1.586796849
3311,2.227374806
3312,1.850279621
3313,-3.479602327
3314,-2.393019597
3315,-2.722160839
3316,-1.616463349
3317,-5.409941371
3318,6.261499804
3319,3.812790704
3320,-5.332442987
3321,-5.853091725
3322,4.744816407
3323,-3.08443301
3324,-5.038015984
3325,-11.12881349
3326,5.459933572
3327,-1.907891191
3328,11.99323999
3329,-2.878919989
3330,-0.528008476
3331,-2.949220783
3332,5.440210651
3333,0.938265705
3334,3.868551133
3335,-1.431308998
