Date,forecasted_solar_irradiance,forecasted_solar_power_mw
1/1/2025,49716.02581,1387.4980545150001
1/2/2025,48837.32087,1364.682994
1/3/2025,48193.24992,1354.8436058999998
1/4/2025,47846.88294,1370.5935933300002
1/5/2025,48777.66247,1349.92778
1/6/2025,48277.22477,1332.636046
1/7/2025,47801.33474,1258.391597
1/8/2025,46931.52608,1230.103461
1/9/2025,48241.33736,1273.901414
1/10/2025,48780.58296,1286.990222
1/11/2025,48271.59222,1305.6756956399997
1/12/2025,49104.19205,1343.763967
1/13/2025,48257.98862,1363.620937
1/14/2025,47938.80337,1369.1407959599999
1/15/2025,48518.06641,1370.651025
1/16/2025,47468.43242,1311.1456917449998
1/17/2025,47213.03985,1323.3457109249998
1/18/2025,47045.40594,1357.7803333949998
1/19/2025,47094.2031,1382.2799822700001
1/20/2025,45624.49884,1378.046838
1/21/2025,47459.20675,1391.1842367149998
1/22/2025,47301.1709,1381.411169
1/23/2025,46492.04135,1371.140401
1/24/2025,46878.79181,1364.797338
1/25/2025,47797.50466,1349.6580996300002
1/26/2025,47554.55391,1313.518685
1/27/2025,47455.73381,1365.6832687349997
1/28/2025,48702.3477,1371.2705123399999
1/29/2025,47666.72591,1327.251568
1/30/2025,47710.76117,1362.8691669450002
1/31/2025,46957.31986,1361.201979
2/1/2025,47773.70243,1337.156958
2/2/2025,47721.75419,1349.010461
2/3/2025,48113.34808,1344.3731113799997
2/4/2025,46958.52781,1325.228039
2/5/2025,46123.805034000005,1305.3776356199999
2/6/2025,45055.48227,1240.1407950899998
2/7/2025,44825.98625,1207.411352
2/8/2025,44329.3058,1273.4084472299999
2/9/2025,44414.35777,1282.378521
2/10/2025,45681.54849,1273.4531937149998
2/11/2025,45312.37322,1297.5058307699999
2/12/2025,44119.46174,1315.691132
2/13/2025,47049.58571,1360.9256676149998
2/14/2025,47475.0512,1384.8897909299997
2/15/2025,49349.33109,1325.644196
2/16/2025,49374.50468,1365.9118874099997
2/17/2025,49315.79032,1404.28879
2/18/2025,49672.13232,1435.5718552350002
2/19/2025,49526.60314,1452.297687
2/20/2025,49936.47171,1459.0341660450001
2/21/2025,50444.32666,1464.191183
2/22/2025,50465.01808,1447.148785
2/23/2025,50957.95754,1449.553719
2/24/2025,50870.71848,1435.208692
2/25/2025,48824.46052,1385.4602122349997
2/26/2025,49630.71011,1396.0586695499999
2/27/2025,48260.60814,1381.0047986399998
2/28/2025,50595.15854,1418.7700204050002
3/1/2025,50481.751,1428.9405098399998
3/2/2025,50709.33826,1452.94203
3/3/2025,50133.8694,1417.746349
3/4/2025,50571.39856,1427.361644
3/5/2025,50567.41286,1435.65421
3/6/2025,50961.20747,1426.177636
3/7/2025,50305.19157,1409.144341
3/8/2025,49684.76512,1357.003811
3/9/2025,49398.9401,1332.9749766599998
3/10/2025,50680.50353,1382.337092
3/11/2025,50925.47767,1386.513901
3/12/2025,50168.43215,1371.9570154050002
3/13/2025,50911.90781,1418.3570321549998
3/14/2025,50712.48978,1427.307044
3/15/2025,49653.8982,1397.7270461399999
3/16/2025,50171.84239,1403.1073334099997
3/17/2025,48824.00454,1320.19693
3/18/2025,48807.3569,1333.605514
3/19/2025,48150.08415,1365.216049
3/20/2025,49076.11871,1400.376548
3/21/2025,48159.21618,1427.7002911949999
3/22/2025,49316.07218,1463.551246
3/23/2025,49517.634,1452.7846699049999
3/24/2025,48467.48317,1422.1175293049998
3/25/2025,49143.36752,1416.4410674849998
3/26/2025,50563.89912,1428.458801
3/27/2025,50094.68048,1378.661882
3/28/2025,49204.25006,1400.511151
3/29/2025,50902.94859,1428.5409636000002
3/30/2025,51221.26162,1435.2976917449998
3/31/2025,50204.58435,1413.721424
4/1/2025,49274.07131,1398.956214
4/2/2025,49612.30593,1372.130339
4/3/2025,48655.55913,1384.75216
4/4/2025,49440.50189,1416.316567
4/5/2025,48373.44881,1373.4813862350002
4/6/2025,48526.84423,1349.716299
4/7/2025,46666.15179,1251.315328
4/8/2025,45966.377,1230.7815492299999
4/9/2025,45948.72396,1262.408054
4/10/2025,45851.2529,1290.647635
4/11/2025,47422.32782,1309.2857671049999
4/12/2025,48072.01011,1365.953099
4/13/2025,48362.02743,1389.770897
4/14/2025,49767.55251,1406.5437580049997
4/15/2025,49438.64016,1410.8318934449999
4/16/2025,50047.1164,1349.5673488950001
4/17/2025,50087.81667,1372.469651
4/18/2025,51108.98021,1420.129035
4/19/2025,51634.67489,1449.7556934899999
4/20/2025,52145.35953,1471.2477580500001
4/21/2025,51966.60088,1469.806667
4/22/2025,51679.11712,1468.8079424999999
4/23/2025,51647.85355,1466.3709326699998
4/24/2025,51789.64668,1459.2930563700002
4/25/2025,51107.62898,1432.4233172849997
4/26/2025,48757.89196,1335.689093
4/27/2025,49919.24809,1396.3660933799997
4/28/2025,50474.1215,1395.715149
4/29/2025,50482.15079,1410.780119
4/30/2025,50277.03528,1421.699383
5/1/2025,50220.70156,1445.877717
5/2/2025,50500.67251,1426.1255240399998
5/3/2025,50334.50578,1421.732931
5/4/2025,50583.53803,1444.812463
5/5/2025,51221.40257,1429.9714062599999
5/6/2025,50625.17288,1413.4082339850002
5/7/2025,50221.38994,1347.323764
5/8/2025,49886.51067,1335.82339
5/9/2025,51184.76031,1382.156304
5/10/2025,52129.82756,1381.984744
5/11/2025,51785.29937,1393.5138020699999
5/12/2025,52663.10466,1434.9683805599998
5/13/2025,51893.50144,1442.588581
5/14/2025,51849.9016,1438.974723
5/15/2025,52039.99796,1430.5080199349998
5/16/2025,49951.69782,1366.536429
5/17/2025,50164.28824,1368.2495720999998
5/18/2025,50541.12345,1401.924445
5/19/2025,51181.08193,1418.4826274399998
5/20/2025,49964.32751,1417.072011
5/21/2025,51213.13386,1431.714897
5/22/2025,51903.45907,1420.992208
5/23/2025,50870.29285,1404.302479
5/24/2025,50925.78684,1401.7942614599997
5/25/2025,51830.11783,1388.845864
5/26/2025,51124.36155,1348.544418
5/27/2025,50551.58241,1402.155482
5/28/2025,51376.02075,1402.791155
5/29/2025,51016.48963,1344.648181
5/30/2025,49364.64847,1379.378436
5/31/2025,49151.42013,1367.705979
6/1/2025,50487.01989,1342.402547
6/2/2025,50283.0229,1355.924441
6/3/2025,50265.188267000005,1336.1080749449998
6/4/2025,48976.23164,1321.732072
6/5/2025,48352.77989,1299.9124207799998
6/6/2025,47388.26875,1238.790814
6/7/2025,47353.82541,1212.9196485749999
6/8/2025,46526.77651,1273.578877
6/9/2025,46535.37782,1280.605788
6/10/2025,47773.8452,1276.5665522549998
6/11/2025,47955.77473,1298.2349795700002
6/12/2025,48698.65101,1327.3985697599999
6/13/2025,49466.78991,1357.660904
6/14/2025,48903.87688,1371.0986451449999
6/15/2025,49844.51603,1295.536542
6/16/2025,49920.11555,1332.4025984549999
6/17/2025,49933.22022,1361.091657
6/18/2025,50232.40062,1384.508183
6/19/2025,49935.47838,1400.267494
6/20/2025,50505.08416,1404.5021368199998
6/21/2025,50975.55655,1412.3612375999999
6/22/2025,50620.76779,1394.0972451149999
6/23/2025,50826.45466,1397.9145544799999
6/24/2025,50683.35194,1381.6284920399999
6/25/2025,48902.33932,1336.0722161249998
6/26/2025,49715.82545,1346.400902
6/27/2025,48812.152719000005,1329.1696895399998
6/28/2025,49395.52197,1352.879921
6/29/2025,48937.53341,1354.5464556899997
6/30/2025,48377.94655,1381.3361754149998
7/1/2025,48556.85023,1342.405384
7/2/2025,48764.993652000005,1347.770408
7/3/2025,48025.67261,1351.4579939849998
7/4/2025,48686.22787,1338.28603
7/5/2025,47873.83324,1323.2700996299998
7/6/2025,47560.24467,1273.882039
7/7/2025,46879.45026,1248.254636
7/8/2025,48612.72747,1293.035698
7/9/2025,48552.85338,1301.949853
7/10/2025,47451.64914,1294.13204
7/11/2025,48294.3358,1342.5426900149998
7/12/2025,47922.58185,1358.097944
7/13/2025,47533.53181,1332.4568036099997
7/14/2025,47719.51919,1327.597102
7/15/2025,45990.12666,1235.6521433699997
7/16/2025,46282.89535,1242.985685
7/17/2025,45796.99059,1265.1017575199999
7/18/2025,46830.08066,1300.995242
7/19/2025,44488.97871,1327.553302
7/20/2025,46025.82324,1351.801798
7/21/2025,47099.2024,1333.935309
7/22/2025,45986.9082,1301.87614
7/23/2025,46359.71736,1295.222158
7/24/2025,47965.67367,1304.907867
7/25/2025,48173.72676,1258.4754911849998
7/26/2025,46137.00573,1275.306332
7/27/2025,45961.43532,1298.5016647349998
7/28/2025,47560.32604,1301.531651
7/29/2025,46318.76027,1275.792415
7/30/2025,45258.76747,1272.778263
7/31/2025,46814.85487,1236.38058
8/1/2025,46313.91088,1252.7387534850002
8/2/2025,47238.1725,1294.832744
8/3/2025,46455.44864,1260.186544
8/4/2025,46768.36337,1243.62842
8/5/2025,44577.5854,1150.289598
8/6/2025,43806.47599,1133.248192
8/7/2025,44071.713692000005,1158.372185
8/8/2025,44033.0159,1184.973516
8/9/2025,44043.85682,1185.871241
8/10/2025,45394.45687,1243.251715
8/11/2025,45871.23995,1269.001226
8/12/2025,46465.86625,1290.462011
8/13/2025,46447.9177,1291.8181227599998
8/14/2025,46765.27696,1225.250595
8/15/2025,46555.91221,1250.6271096149999
8/16/2025,46358.98916,1296.124438
8/17/2025,47999.6001,1330.761241
8/18/2025,48636.11776,1356.0977155049998
8/19/2025,48739.82916,1362.95385
8/20/2025,48636.42956,1365.136545
8/21/2025,47837.76282,1363.9282387049998
8/22/2025,47950.97378,1358.069865
8/23/2025,47869.85626,1330.6098346200001
8/24/2025,45784.58491,1234.1078681699998
8/25/2025,46752.03481,1290.247299
8/26/2025,47440.30816,1298.7739
8/27/2025,46875.19995,1310.873487
8/28/2025,46727.15683,1305.957814
8/29/2025,46127.52848,1334.6753642249998
8/30/2025,46725.12528,1328.24164
8/31/2025,46962.70599,1324.3087646399997
9/1/2025,47711.61054,1336.793318
9/2/2025,47642.69116,1327.485779
9/3/2025,46519.55349,1317.6745053749999
9/4/2025,45291.04568,1251.6799100399999
9/5/2025,43671.14217,1226.977029
9/6/2025,45795.08835,1273.4519358599998
9/7/2025,47214.84933,1279.519089
9/8/2025,46461.77413,1292.834753
9/9/2025,47369.3244,1325.7138267900002
9/10/2025,47204.78288,1336.279034
9/11/2025,47852.82368,1338.890775
9/12/2025,48020.56227,1338.6806476949998
9/13/2025,45799.96814,1270.625169
9/14/2025,44869.10967,1277.235233
9/15/2025,46805.22276,1311.492991
9/16/2025,47804.90038,1331.78644
9/17/2025,46843.13663,1323.026533
9/18/2025,47798.6163,1346.621236
9/19/2025,48713.09815,1341.02431
9/20/2025,47659.49453,1321.280821
9/21/2025,47701.27771,1312.9280590049998
9/22/2025,48640.34812,1289.176124
9/23/2025,48250.96905,1251.9702941699998
9/24/2025,47224.55213,1307.237636
9/25/2025,48391.8888,1314.3587641200002
9/26/2025,48735.45379,1261.5173983799998
9/27/2025,48033.32343,1291.6834683149998
9/28/2025,46891.46537,1268.785403
9/29/2025,47991.07493,1253.6595295949999
9/30/2025,47713.41158,1268.928497
10/1/2025,47633.935150000005,1260.8434083299999
10/2/2025,47301.78705,1235.405303
10/3/2025,46640.40218,1212.000089
10/4/2025,45456.84543,1145.753133
10/5/2025,45398.30175,1111.0219042649999
10/6/2025,44719.06707,1169.4145598549999
10/7/2025,44430.44397,1173.360289
10/8/2025,45803.296,1170.5183
10/9/2025,46181.80541,1188.401209
10/10/2025,46493.6267,1205.953209
10/11/2025,47275.61935,1252.131179
10/12/2025,47168.08834,1267.4796686549998
10/13/2025,47590.78593,1199.406278
10/14/2025,47916.5584,1238.667147
10/15/2025,48747.88918,1277.889022
10/16/2025,49053.04395,1298.6700101099998
10/17/2025,48215.27887,1321.23717
10/18/2025,49040.42367,1334.93389
10/19/2025,49556.44818,1341.72579
10/20/2025,48812.74895,1322.7502908899999
10/21/2025,48633.61993,1327.002087
10/22/2025,48736.11891,1311.6742963499998
10/23/2025,46498.16662,1269.1426000649997
10/24/2025,47475.95328,1278.1524457649998
10/25/2025,46878.22521,1262.6137131149999
10/26/2025,48375.91446,1287.555296
10/27/2025,46587.2628,1296.1998254250002
10/28/2025,46861.05706,1310.967886
10/29/2025,48393.9921,1275.19924
10/30/2025,47529.56499,1283.9935897649998
10/31/2025,47570.52865,1285.2079124399997
11/1/2025,47296.18174,1275.854728
11/2/2025,46450.73188,1255.979532
11/3/2025,46625.92621,1206.6991005599998
11/4/2025,45742.94532,1187.089154
11/5/2025,45543.89825,1233.0385246649998
11/6/2025,46365.90375,1241.4999587099999
11/7/2025,45784.99223,1223.304081
11/8/2025,46998.52283,1274.1799766249999
11/9/2025,47132.21458,1289.9208139950001
11/10/2025,46939.50241,1255.3003230600002
11/11/2025,47375.506676000005,1258.6878511349998
11/12/2025,45988.6833,1170.0623423399998
11/13/2025,46124.07675,1180.3062
11/14/2025,44954.43395,1206.621116
11/15/2025,46038.476,1235.4690957750001
11/16/2025,45685.75828,1254.8871619949998
11/17/2025,47206.82085,1291.649523
11/18/2025,47820.20025,1274.5982216999998
11/19/2025,46367.07124,1251.16938
11/20/2025,47170.93327,1236.4091012699998
11/21/2025,48242.77726,1261.2241230299999
11/22/2025,47097.965823000006,1225.314169
11/23/2025,45963.07007,1250.09358
11/24/2025,46558.66086,1254.941772
11/25/2025,47831.22335,1256.1824670449998
11/26/2025,47183.40205,1244.688779
11/27/2025,45693.97831,1230.106941
11/28/2025,46831.89992,1209.236467
11/29/2025,45482.27744,1224.1188403499998
11/30/2025,46853.71481,1251.994183
12/1/2025,45804.16361,1214.6223906149999
12/2/2025,46401.87601,1195.7400306749998
12/3/2025,44512.53549,1096.430345
12/4/2025,43790.4499,1077.39286
12/5/2025,43934.22491,1114.4248114349998
12/6/2025,43966.75417,1134.0216628199998
12/7/2025,45246.06294,1143.580841
12/8/2025,45532.08592,1194.387886
12/9/2025,46038.06427,1234.337974
12/10/2025,46939.93097,1252.7537157149998
12/11/2025,46696.99802,1254.976697
12/12/2025,46263.83602,1192.306552
12/13/2025,45499.70879,1219.85981
12/14/2025,46861.23941,1271.955404
12/15/2025,46978.4322,1317.742759
12/16/2025,46741.75633,1345.764
12/17/2025,47669.03366,1352.589311
12/18/2025,47690.66718,1359.943633
12/19/2025,47644.24174,1330.093177
12/20/2025,47104.80656,1350.7679169750002
12/21/2025,47688.1646,1339.9534712999998
12/22/2025,45431.1805,1246.1509150200002
12/23/2025,46505.19332,1295.0599431599999
12/24/2025,47454.27324,1292.815004
12/25/2025,47393.68754,1315.355383
12/26/2025,47170.98526,1316.3193813899998
12/27/2025,47631.02087,1340.7740792250002
12/28/2025,47417.53207,1325.031103
12/29/2025,46356.83906,1321.448292
12/30/2025,47575.36623,1344.0839
12/31/2025,46540.14249,1332.748703
1/1/2026,45587.83006,1324.2595325999998
1/2/2026,46351.13859,1265.438762
1/3/2026,45198.12988,1241.883565
1/4/2026,47305.28114,1291.117841
1/5/2026,47365.28073,1305.965023
1/6/2026,47372.90454,1304.524377
1/7/2026,47331.9973,1345.531512
1/8/2026,48056.02622,1364.0252926199998
1/9/2026,48049.17984,1356.0853693049999
1/10/2026,48150.90164,1352.777063
1/11/2026,46877.01279,1276.875197
1/12/2026,47263.83077,1278.6529532250001
1/13/2026,46587.81589,1298.515762
1/14/2026,47149.87215,1327.619389
1/15/2026,45714.4387,1333.8738735149998
1/16/2026,47879.52543,1360.219686
1/17/2026,48526.43885,1357.553285
1/18/2026,47233.70662,1340.095344
1/19/2026,47690.62589,1333.4391387599999
1/20/2026,48289.67219,1325.051905
1/21/2026,46908.86662,1279.2275386499998
1/22/2026,45067.63726,1324.0639899599998
1/23/2026,45399.62896,1336.6181515349997
1/24/2026,46885.3441,1292.8143093149997
1/25/2026,45964.82556,1312.294979
1/26/2026,45514.72267,1297.957311
1/27/2026,46199.24115,1280.153445
1/28/2026,46668.85898,1295.3298205349997
1/29/2026,46371.24173,1301.002568
1/30/2026,45930.36854,1276.386389
1/31/2026,45773.82992,1253.409274
2/1/2026,43973.21383,1179.907694
2/2/2026,43769.885,1149.340917
2/3/2026,43474.83895,1204.769174
2/4/2026,43024.06142,1205.87875
2/5/2026,44368.37028,1196.8624664249999
2/6/2026,45388.60252,1217.8168508699998
2/7/2026,45025.12269,1254.29099
2/8/2026,45575.14595,1297.130263
2/9/2026,45961.67347,1305.7098991649998
2/10/2026,47112.89929,1250.4888142349998
2/11/2026,47074.55649,1292.0589471449998
2/12/2026,46568.70632,1331.7759826949998
2/13/2026,47011.00971,1362.354687
2/14/2026,46806.01064,1381.472551
2/15/2026,47817.61988,1391.108638
2/16/2026,46933.50875,1400.040957
2/17/2026,47352.84611,1388.941246
2/18/2026,47602.24856,1396.4830744049998
2/19/2026,48404.3669,1383.118302
2/20/2026,46564.09127,1320.823119
2/21/2026,46863.99978,1347.428509
2/22/2026,46152.90261,1334.6319478499997
2/23/2026,47772.90588,1370.480005
2/24/2026,47005.49515,1384.2699352799998
2/25/2026,48417.23591,1408.66244
2/26/2026,48651.96858,1374.596541
2/27/2026,48485.29215,1381.0164991049999
2/28/2026,48233.49163,1387.6209740999998
3/1/2026,48154.24036,1378.039802
3/2/2026,47414.11914,1367.8918787999999
3/3/2026,46774.59547,1306.4073239549998
3/4/2026,45766.76197,1279.2220544699999
3/5/2026,47770.83301,1321.082229
3/6/2026,48717.02027,1332.0910954649999
3/7/2026,47787.63842,1319.197643
3/8/2026,49469.42041,1363.897412
3/9/2026,49521.28514,1381.8900567899998
3/10/2026,48193.21095,1358.883549
3/11/2026,48481.66499,1358.154311
3/12/2026,45689.93057,1284.681149
3/13/2026,46897.384170000005,1294.7990037450002
3/14/2026,46624.10151,1326.35468
3/15/2026,48516.06677,1364.6287696799998
3/16/2026,48050.86027,1393.453585
3/17/2026,49452.0825,1423.378715
3/18/2026,49124.22725,1408.4615154750002
3/19/2026,46773.70943,1376.05665
3/20/2026,47860.75121,1376.653444
3/21/2026,48648.8192,1394.659177
3/22/2026,47200.82351,1349.00037
3/23/2026,47693.33245,1368.431734
3/24/2026,49072.35305,1391.00463
3/25/2026,48995.44478,1408.466134
3/26/2026,48346.80772,1395.004737
3/27/2026,46955.11057,1381.056605
3/28/2026,47579.23514,1344.6214081199998
3/29/2026,47344.06046,1356.975716
3/30/2026,48129.14011,1389.3004219949999
3/31/2026,46818.50414,1346.057691
4/1/2026,46894.48484,1324.223362
4/2/2026,44687.28194,1220.8041254399998
4/3/2026,43222.56999,1200.899748
4/4/2026,43957.92531,1229.55995
4/5/2026,43781.12532,1248.5453085299998
4/6/2026,44921.61505,1269.7126120799999
4/7/2026,45478.10131,1323.781027
4/8/2026,44774.164109000005,1349.2524124049999
4/9/2026,46548.63535,1369.567253
4/10/2026,46549.81111,1384.360219
4/11/2026,46582.30472,1326.902034
4/12/2026,46318.07478,1359.143023
4/13/2026,47443.07983,1412.975066
4/14/2026,47780.34399,1444.435823
4/15/2026,46627.07589,1468.495853
4/16/2026,47956.39242,1476.979224
4/17/2026,47959.94593,1477.789601
4/18/2026,48424.95682,1471.548498
4/19/2026,48306.59224,1466.637823
4/20/2026,47963.44398,1441.93364
4/21/2026,45543.6126,1344.047413
4/22/2026,46002.56255,1406.219968
4/23/2026,45221.28124,1404.885411
4/24/2026,46124.2009,1417.3951837349998
4/25/2026,45429.52431,1424.464428
4/26/2026,47256.86361,1453.016165
4/27/2026,47895.23801,1434.2779526099998
4/28/2026,48067.44939,1432.729133
4/29/2026,49039.19955,1451.8831923149999
4/30/2026,49370.17725,1440.602177
5/1/2026,48369.41358,1425.5619655199998
5/2/2026,48264.64043,1367.245321
5/3/2026,47782.63179,1343.7451331549998
5/4/2026,48535.08568,1388.9091187349998
5/5/2026,49335.97696,1403.2526941649999
5/6/2026,46712.10687,1411.5350501399998
5/7/2026,47809.92835,1445.411998
5/8/2026,46911.52119,1443.687384
5/9/2026,47391.81637,1445.0178819449998
5/10/2026,47920.20869,1442.376355
5/11/2026,47245.33553,1378.189882
5/12/2026,47429.81414,1388.6088503849999
5/13/2026,47222.98292,1419.374385
5/14/2026,48015.510696000005,1442.8318467149998
5/15/2026,47353.73818,1443.1359275399998
5/16/2026,48134.53176,1458.396197
5/17/2026,48595.73708,1451.464609
5/18/2026,46476.86214,1444.599467
5/19/2026,47332.04955,1436.663102
5/20/2026,48758.86504,1419.0760243949999
5/21/2026,48012.9609,1378.8631458449997
5/22/2026,47395.24482,1425.5392470149998
5/23/2026,48615.70152,1430.9828558400002
5/24/2026,48103.49239,1374.969261
5/25/2026,46816.45585,1408.342722
5/26/2026,44909.67903,1388.768107
5/27/2026,46084.86585,1362.348031
5/28/2026,46438.27989,1364.6045991299998
5/29/2026,46505.48632,1351.823736
5/30/2026,44764.00438,1327.044165
5/31/2026,44681.37624,1306.701908
6/1/2026,41637.28064,1234.686524
6/2/2026,41167.66995,1205.0662250700002
6/3/2026,42112.11018,1268.6605798800001
6/4/2026,42751.63993,1270.237231
6/5/2026,44846.94896,1270.136623
6/6/2026,45218.58766,1294.476413
6/7/2026,45432.57735,1319.1157919549998
6/8/2026,46825.07183,1358.3256541799997
6/9/2026,46486.4634,1372.6242491550001
6/10/2026,47450.49666,1303.354394
6/11/2026,45737.79169,1341.6366027149998
6/12/2026,48000.71355,1377.750019
6/13/2026,48419.35506,1403.478494
6/14/2026,48205.00136,1414.187532
6/15/2026,49022.41549,1411.936876
6/16/2026,49519.6148,1416.703767
6/17/2026,49313.88833,1394.0561029499997
6/18/2026,49067.35107,1393.128479
6/19/2026,49211.84657,1379.274959
6/20/2026,47794.459,1330.337673
6/21/2026,48594.72336,1346.7111955350001
6/22/2026,47471.2015,1325.041094
6/23/2026,49099.96746,1345.9455411000001
6/24/2026,48773.41317,1357.8674874449998
6/25/2026,49894.62595,1383.5974572149998
6/26/2026,50012.43453,1344.4602499050002
6/27/2026,49382.39812,1347.0214941450001
6/28/2026,48461.02083,1353.3274344899999
6/29/2026,49782.983426000006,1344.233195
6/30/2026,49304.30662,1324.8678229949999
7/1/2026,49088.7767,1271.672322
7/2/2026,48734.04681,1251.269237
7/3/2026,49691.19505,1297.187187
7/4/2026,50081.78348,1298.272134
7/5/2026,49121.78607,1281.606288
7/6/2026,49958.94507,1334.550705
7/7/2026,49994.30612,1351.352851
7/8/2026,49039.21555,1320.354231
7/9/2026,49443.54228,1316.6784905099998
7/10/2026,47772.54716,1240.971845
7/11/2026,47570.91811,1244.0768351850002
7/12/2026,46636.54274,1269.0478659750001
7/13/2026,48272.70495,1299.544572
7/14/2026,47737.59503,1333.5229700399998
7/15/2026,48865.8178,1364.170568
7/16/2026,48737.14078,1344.61525
7/17/2026,47474.42727,1309.433869
7/18/2026,48339.59988,1313.624032
7/19/2026,49669.15449,1330.0600240499998
7/20/2026,49780.32372,1283.4466596749999
7/21/2026,48842.97381,1302.7202553299999
7/22/2026,50504.78812,1324.0106301600001
7/23/2026,49624.20498,1330.768128
7/24/2026,49503.70354,1311.900656
7/25/2026,47736.49315,1296.86604
7/26/2026,48491.97405,1260.139984
7/27/2026,48453.29275,1276.826918
7/28/2026,49194.33392,1300.246235
7/29/2026,48108.61962,1260.027473
7/30/2026,47701.40429,1238.338673
7/31/2026,45723.31194,1147.24433
8/1/2026,44498.34998,1133.296916
8/2/2026,44811.16331,1162.171873
8/3/2026,44890.66182,1186.057269
8/4/2026,45414.99031,1207.780476
8/5/2026,45795.59715,1257.687632
8/6/2026,45913.05719,1285.1445808199999
8/7/2026,48413.04043,1299.0522377849998
8/8/2026,48102.99282,1300.045956
8/9/2026,48032.45052,1225.9493502599998
8/10/2026,48488.48309,1253.0775506549999
8/11/2026,48658.32457,1301.639627
8/12/2026,49562.9172,1334.555073
8/13/2026,50004.62674,1357.5707231850001
8/14/2026,49953.60862,1359.1112573699997
8/15/2026,50402.28205,1358.1882787800002
8/16/2026,50496.21863,1358.8880551349998
8/17/2026,50333.13929,1353.7498469549998
8/18/2026,50172.60573,1330.1850058199998
8/19/2026,47439.36046,1242.7930632599998
8/20/2026,48372.37585,1296.0708434249998
8/21/2026,48878.36642,1292.0356970249998
8/22/2026,49894.27353,1300.513074
8/23/2026,49583.73031,1295.321583
8/24/2026,49866.39056,1327.7563727849997
8/25/2026,49724.82167,1307.5115214749999
8/26/2026,49416.93485,1299.813001
8/27/2026,50146.23116,1324.476839
8/28/2026,50675.99182,1309.452392
8/29/2026,49726.41134,1299.9579726749998
8/30/2026,50443.96105,1242.024898
8/31/2026,49861.38261,1223.069985
9/1/2026,50919.56541,1267.131719
9/2/2026,51564.1839,1279.489862
9/3/2026,51018.29518,1293.499241
9/4/2026,51693.74976,1330.208295
9/5/2026,51590.57238,1350.9735621450002
9/6/2026,50444.5121,1349.8788567899999
9/7/2026,50614.46614,1346.9194077450002
9/8/2026,48583.20218,1277.15515
9/9/2026,48735.86084,1274.489838
9/10/2026,49070.47499,1306.480736
9/11/2026,49783.87803,1339.125971
9/12/2026,48681.77722,1337.8507513049997
9/13/2026,49770.74113,1357.2530813699998
9/14/2026,50391.58761,1353.0727737749999
9/15/2026,48869.48127,1341.6339638999998
9/16/2026,49479.82876,1332.4239349199997
9/17/2026,50434.17759,1310.0437836449998
9/18/2026,49577.362615000005,1264.8626336699997
9/19/2026,48658.02458,1311.427411
9/20/2026,49967.86071,1321.369362
9/21/2026,49783.8622,1262.3561415600002
9/22/2026,48425.51761,1281.232363
9/23/2026,46406.47965,1265.502758
9/24/2026,48361.50475,1242.1636115699998
9/25/2026,47948.08475,1251.294422
9/26/2026,47662.30959,1235.9732642249999
9/27/2026,46414.74043,1217.0831036850002
9/28/2026,45982.6357,1197.4521248100002
9/29/2026,44162.58011,1132.1373918599998
9/30/2026,44522.55792,1103.607141
10/1/2026,42940.68591,1164.9039129149999
10/2/2026,43116.22385,1173.0778813499999
10/3/2026,44656.72369,1153.414831
10/4/2026,45266.40991,1182.886083
10/5/2026,45629.24037,1197.6024328049998
10/6/2026,47044.71334,1253.6024279849998
10/7/2026,47115.14404,1272.2018502749997
10/8/2026,48295.61738,1200.2125734150002
10/9/2026,48735.24807,1241.848572
10/10/2026,49446.85606,1277.653416
10/11/2026,49588.92611,1308.926599
10/12/2026,49160.79048,1320.2974091099998
10/13/2026,50000.17777,1329.8745545699999
10/14/2026,50803.86,1340.809284
10/15/2026,50811.86848,1317.4151981699997
10/16/2026,50614.45126,1317.9245656950002
10/17/2026,50204.44002,1301.482998
10/18/2026,48006.0365,1257.8775544349999
10/19/2026,48645.02728,1271.705435
10/20/2026,47130.58098,1256.831325
10/21/2026,49389.72086,1287.2451304649999
10/22/2026,49371.7296,1294.21243
10/23/2026,49745.35546,1321.5505712400002
10/24/2026,50203.00012,1290.0811404899998
10/25/2026,49669.50088,1301.113771
10/26/2026,49510.74433,1315.316016
10/27/2026,50101.1207,1300.779357
10/28/2026,49200.93517,1287.652727
10/29/2026,49020.68201,1239.320478
10/30/2026,48175.66086,1219.66767
10/31/2026,49301.85144,1266.7951413149997
11/1/2026,49814.37107,1270.728975
11/2/2026,49161.11376,1262.2874614349998
11/3/2026,49937.72249,1304.6653650599999
11/4/2026,50275.25591,1315.7290091850002
11/5/2026,49288.94644,1283.9973768749999
11/6/2026,49415.35574,1280.9270638199998
11/7/2026,47663.49884,1192.429502
11/8/2026,47452.85286,1202.721358
11/9/2026,46314.46119,1228.634951
11/10/2026,48187.82801,1266.334682
11/11/2026,46841.45804,1294.6590200699998
11/12/2026,47978.217046000005,1327.508356
11/13/2026,47956.80393,1317.885005
11/14/2026,46880.76939,1284.1221721199997
11/15/2026,47352.85601,1284.982043
11/16/2026,48182.3695,1288.076513
11/17/2026,48294.40264,1245.016891
11/18/2026,47611.09946,1270.024676
11/19/2026,48898.9911,1294.166392
11/20/2026,48735.42735,1294.2165745649997
11/21/2026,47446.59174,1271.925449
11/22/2026,46033.82955,1239.920691
11/23/2026,46518.85737,1220.310594
11/24/2026,46266.41746,1235.5168806749998
11/25/2026,47390.90476,1261.025603
11/26/2026,45598.51432,1219.588691
11/27/2026,45157.2304,1197.3807219149999
11/28/2026,43669.88151,1106.462413
11/29/2026,42840.66773,1092.423759
11/30/2026,43401.33526,1124.6594034749999
12/1/2026,43070.28655,1150.3425706799999
12/2/2026,44836.62656,1165.6019409900002
12/3/2026,45307.07153,1227.7100218799999
12/4/2026,45421.22222,1259.752594
12/5/2026,47096.6381,1272.614214
12/6/2026,46332.95523,1284.244041
12/7/2026,46273.73801,1223.808516
12/8/2026,46873.90905,1252.8392672250002
12/9/2026,47727.21727,1304.94708
12/10/2026,47566.28651,1321.493863
12/11/2026,47886.61185,1352.5705750949999
12/12/2026,47973.21599,1364.9105500199998
12/13/2026,48653.13215,1367.71694
12/14/2026,48659.76384,1365.22303
12/15/2026,48245.61031,1366.0595278649998
12/16/2026,47959.62724,1343.835208
12/17/2026,45791.82652,1257.1815850199998
12/18/2026,46587.6611,1316.7496916849998
12/19/2026,46571.33244,1297.071712
12/20/2026,47569.30184,1317.9107940299998
12/21/2026,47434.85469,1322.4266452499999
12/22/2026,46954.32421,1345.0538947799998
12/23/2026,47330.15738,1332.936129
12/24/2026,47270.91951,1332.6097600199998
12/25/2026,47909.1062,1349.531423
12/26/2026,48282.41186,1347.1633537799999
12/27/2026,47501.64556,1340.234707
12/28/2026,47840.31231,1284.8738160149999
12/29/2026,47138.94314,1264.5543566999997
12/30/2026,48229.69714,1312.851275
12/31/2026,48265.49503,1328.552324
1/1/2027,47457.49372,1341.135182
1/2/2027,48337.7767,1387.963909
1/3/2027,48208.1757,1406.8842898500002
1/4/2027,47249.02793,1404.840603
1/5/2027,47688.05842,1405.0325442449998
1/6/2027,45891.51394,1337.821812
1/7/2027,45165.177,1335.7238303999998
1/8/2027,45382.10632,1362.02385
1/9/2027,45922.86601,1385.148324
1/10/2027,44022.85077,1371.861775
1/11/2027,45727.80955,1384.437268
1/12/2027,47102.07976,1367.815464
1/13/2027,46276.57233,1333.6463265599998
1/14/2027,45993.75268,1325.7286407899999
1/15/2027,47745.15171,1323.689056
1/16/2027,46692.78098,1284.1057595849998
1/17/2027,45225.02648,1331.367982
1/18/2027,45558.84911,1336.685198
1/19/2027,46819.06859,1265.3491615949997
1/20/2027,43979.2287,1300.1523047550002
1/21/2027,42723.14281,1290.229481
1/22/2027,45238.86484,1271.176431
1/23/2027,44752.4967,1283.857975
1/24/2027,45847.6618,1284.859926
1/25/2027,44701.06196,1261.56046
1/26/2027,44604.97902,1241.3552110199998
1/27/2027,42782.93426,1169.024105
1/28/2027,42304.8007,1134.269662
1/29/2027,42244.56589,1205.185397
1/30/2027,41893.32903,1211.479079
1/31/2027,41862.61235,1193.139337
2/1/2027,43575.83725,1211.544075
2/2/2027,44381.87783,1249.12259
2/3/2027,44865.32692,1303.370955
2/4/2027,45180.10162,1316.52804
2/5/2027,46857.17033,1252.656693
2/6/2027,47268.38996,1300.582407
2/7/2027,47042.02601,1337.404562
2/8/2027,47108.95654,1374.621202
2/9/2027,47354.12279,1392.8066808149997
2/10/2027,47866.31251,1402.466616
2/11/2027,48250.36818,1419.1648724249999
2/12/2027,46672.97836,1400.980839
2/13/2027,47296.00467,1412.6592678149998
2/14/2027,47909.34387,1400.849387
2/15/2027,45588.95327,1352.8353578099998
2/16/2027,46028.6099,1363.4118933599998
2/17/2027,44974.27538,1346.019826
2/18/2027,46668.35217,1384.5986946149999
2/19/2027,46063.925,1395.393553
2/20/2027,47446.55676,1421.292028
2/21/2027,47524.15543,1396.09937
2/22/2027,47021.62825,1408.891761
2/23/2027,47917.05466,1411.392967
2/24/2027,48124.17818,1401.2724246300002
2/25/2027,47678.13749,1387.1905309949998
2/26/2027,45942.21968,1334.6668161300001
2/27/2027,44058.0121,1306.854004
2/28/2027,46171.09863,1352.270034
3/1/2027,47721.41658,1354.784638
3/2/2027,47079.66537,1331.5817544899999
3/3/2027,47789.960168000005,1377.070936
3/4/2027,46776.10591,1388.139351
3/5/2027,47062.77807,1350.2497311000002
3/6/2027,47785.01055,1342.63425
3/7/2027,45461.48741,1252.1965362150002
3/8/2027,44005.9171,1262.029367
3/9/2027,45417.55184,1281.780324
3/10/2027,47178.71162,1325.641213
3/11/2027,45494.62895,1367.9114085899998
3/12/2027,47572.1171,1413.949991
3/13/2027,47741.04814,1414.3868717399998
3/14/2027,46312.32433,1376.3214408299998
3/15/2027,46794.23621,1372.80587
3/16/2027,47888.88543,1391.255503
3/17/2027,47572.55761,1349.925455
3/18/2027,46751.14318,1363.428185
3/19/2027,48035.44813,1388.603751
3/20/2027,47196.18055,1398.692258
3/21/2027,46204.13425,1366.675396
3/22/2027,46036.86566,1337.8530171300001
3/23/2027,46813.11982,1305.236203
3/24/2027,46232.04111,1311.5353877999999
3/25/2027,45856.09139,1346.937155
3/26/2027,44831.21678,1297.643252
3/27/2027,45596.09134,1275.8231947499999
3/28/2027,43909.58809,1174.204699
3/29/2027,43190.10769,1159.866883
3/30/2027,43683.06167,1186.1313772199999
3/31/2027,43263.62223,1207.549084
4/1/2027,45029.04874,1231.668156
4/2/2027,44683.93506,1289.6421515099998
4/3/2027,45397.036382000006,1327.658166
4/4/2027,47234.21849,1354.93502
4/5/2027,47120.81383,1356.447925
4/6/2027,47341.09893,1312.652544
4/7/2027,47923.48784,1340.896376
4/8/2027,48343.964,1395.9292650599998
4/9/2027,49073.572532000006,1432.306743
4/10/2027,48943.81845,1459.83773
4/11/2027,50449.15748,1467.161666
4/12/2027,50955.09337,1463.937113
4/13/2027,50788.52924,1458.804117
4/14/2027,50931.72548,1452.54412
4/15/2027,50959.20862,1423.7301783300002
4/16/2027,48520.52061,1305.9843702599999
4/17/2027,48321.2345,1367.377424
4/18/2027,48276.70675,1360.997219
4/19/2027,49855.73518,1381.971627
4/20/2027,49613.7592,1387.092667
4/21/2027,50277.59953,1411.6806546149999
4/22/2027,50671.92067,1389.720846
4/23/2027,50654.24063,1386.964638
4/24/2027,50744.09531,1416.014374
4/25/2027,51352.13918,1401.6448327049998
4/26/2027,50764.37478,1392.25209
4/27/2027,50534.97745,1326.087452
4/28/2027,49509.40405,1303.943197
4/29/2027,50707.31939,1343.361465
4/30/2027,50925.95388,1350.980387
5/1/2027,50064.588,1366.709045
5/2/2027,51234.8779,1399.914743
5/3/2027,50454.23394,1417.649169
5/4/2027,49733.25456,1420.91133
5/5/2027,49777.573475000005,1418.7671647050001
5/6/2027,48261.86539,1350.225993
5/7/2027,47803.84725,1361.837777
5/8/2027,46922.71326,1393.5879937799998
5/9/2027,48354.8073,1411.449346
5/10/2027,47945.56969,1404.029722
5/11/2027,49342.27939,1420.0608331799997
5/12/2027,48399.09898,1410.7358905499998
5/13/2027,47789.4936,1399.0575657299999
5/14/2027,48233.57962,1392.346055
5/15/2027,50237.2856,1376.9889013799998
5/16/2027,49223.25772,1333.315779
5/17/2027,48553.88711,1390.0315995749997
5/18/2027,50164.93364,1391.084987
5/19/2027,49776.22581,1339.539061
5/20/2027,48470.43682,1368.9012167249998
5/21/2027,47281.52281,1362.138756
5/22/2027,48207.23185,1335.509527
5/23/2027,48101.94541,1345.9247828399998
5/24/2027,48621.13142,1336.253754
5/25/2027,47130.26704,1311.974918
5/26/2027,46398.62834,1288.962813
5/27/2027,43642.61882,1220.139761
5/28/2027,43193.59451,1185.5530330800002
5/29/2027,43726.07906,1252.7121887249998
5/30/2027,44046.21162,1262.37648
5/31/2027,45483.48609,1252.984172
6/1/2027,46855.30199,1276.3461472499998
6/2/2027,47537.03052,1288.401839
6/3/2027,47919.05021,1333.1191983149997
6/4/2027,47991.54686,1353.192886
6/5/2027,47557.96438,1291.0702019250002
6/6/2027,48674.57379,1330.5553305449998
6/7/2027,49482.11347,1364.0015711849999
6/8/2027,50034.5569,1391.20033
6/9/2027,49860.75366,1404.103636
6/10/2027,49889.37318,1404.3602584199998
6/11/2027,49582.0766,1406.2660649549998
6/12/2027,49631.5463,1383.980822
6/13/2027,49850.50927,1383.139601
6/14/2027,49155.09266,1363.5648377849998
6/15/2027,45765.62714,1315.8210305399998
6/16/2027,48119.68839,1325.711906
6/17/2027,46926.49659,1309.255958
6/18/2027,48002.31903,1337.4280340549997
6/19/2027,48285.13162,1345.824217
6/20/2027,48799.78434,1364.265232
6/21/2027,48860.68258,1329.266818
6/22/2027,48339.40225,1338.748348
6/23/2027,47650.4122,1343.816933
6/24/2027,47842.80933,1338.898536
6/25/2027,47296.82108,1327.3358250899998
6/26/2027,47592.69168,1273.675488
6/27/2027,46302.76098,1258.031274
6/28/2027,47643.08187,1306.3496856000002
6/29/2027,48245.88416,1309.3634634149998
6/30/2027,46311.63025,1302.782954
7/1/2027,47330.74739,1344.132319
7/2/2027,47316.41331,1349.104477
7/3/2027,47011.03171,1315.259113
7/4/2027,47445.87966,1312.3243285800002
7/5/2027,46396.7103,1233.528452
7/6/2027,46252.49189,1239.421161
7/7/2027,45459.64377,1263.8632660049998
7/8/2027,46416.12864,1301.0359980599999
7/9/2027,45396.08621,1330.0226888099999
7/10/2027,47827.63765,1360.9950578699998
7/11/2027,47205.58455,1351.313315
7/12/2027,45830.19375,1321.238658
7/13/2027,46646.80944,1315.979268
7/14/2027,47341.33396,1328.96837
7/15/2027,47682.2028,1284.8711269350001
7/16/2027,46317.44911,1300.8124596300001
7/17/2027,47843.5445,1324.154173
7/18/2027,46979.48897,1322.594157
7/19/2027,46367.95039,1309.733041
7/20/2027,45570.32187,1297.27286
7/21/2027,46462.04576,1265.436205
7/22/2027,45868.27283,1271.9278156199998
7/23/2027,46673.48237,1299.880227
7/24/2027,45862.72135,1264.192742
7/25/2027,45619.25258,1246.698748
7/26/2027,43799.05854,1148.296412
7/27/2027,43232.61805,1128.206395
7/28/2027,43462.25584,1160.871424
7/29/2027,43439.83522,1182.8577667050001
7/30/2027,44697.56824,1206.053518
7/31/2027,44611.02414,1262.0017335149998
8/1/2027,44527.94516,1299.961966
8/2/2027,46389.77251,1308.614642
8/3/2027,46165.40299,1310.7674603849998
8/4/2027,46302.04379,1248.7447573050001
8/5/2027,46078.78355,1267.775777
8/6/2027,47218.24231,1310.36259
8/7/2027,48044.42814,1334.159413
8/8/2027,48182.63992,1359.651891
8/9/2027,48818.11404,1359.043326
8/10/2027,49420.68878,1358.651965
8/11/2027,48649.83255,1353.799193
8/12/2027,48908.99836,1346.033262
8/13/2027,48934.30762,1321.4999517449999
8/14/2027,46556.80611,1226.1932407949998
8/15/2027,47357.79672,1286.8053334649999
8/16/2027,48182.31279,1285.010966
8/17/2027,48763.57064,1297.713358
8/18/2027,48245.28698,1300.945053
8/19/2027,48170.46788,1330.4873732699998
8/20/2027,47772.33693,1302.266944
8/21/2027,48438.05498,1296.107356
8/22/2027,49604.6482,1319.0858889299998
8/23/2027,48927.60576,1303.927641
8/24/2027,47504.6455,1282.487811
8/25/2027,48130.55572,1217.392779
8/26/2027,47933.23924,1195.186096
8/27/2027,47639.15607,1243.9643284799997
8/28/2027,48681.19923,1254.403089
8/29/2027,47963.06191,1266.48347
8/30/2027,48413.66075,1311.0200201849998
8/31/2027,47865.79872,1319.468467
9/1/2027,48647.87012,1325.988406
9/2/2027,48295.708792000005,1326.3486637949998
9/3/2027,47075.79306,1262.789763
9/4/2027,47773.12344,1274.959979
9/5/2027,47616.61349,1312.667587
9/6/2027,48334.25483,1334.84931
9/7/2027,47461.39371,1335.919995
9/8/2027,48488.48153,1348.695726
9/9/2027,49368.50818,1331.8325921099997
9/10/2027,48423.6267,1319.8306036799997
9/11/2027,48558.28886,1316.346851
9/12/2027,49362.70897,1299.7181192249998
9/13/2027,48467.84737,1254.086376
9/14/2027,48313.7693,1302.23155
9/15/2027,48953.20004,1306.520611
9/16/2027,49027.74289,1252.302147
9/17/2027,48074.14963,1272.897897
9/18/2027,46300.03679,1264.729038
9/19/2027,47546.78041,1234.562316
9/20/2027,47025.40118,1249.5775518599999
9/21/2027,47557.86329,1236.523451
9/22/2027,46362.8542,1218.45683
9/23/2027,45882.32317,1198.725206
9/24/2027,44648.53823,1140.844509
9/25/2027,44296.95678,1117.659127
9/26/2027,44152.52958,1183.8016513349996
9/27/2027,43653.63663,1194.74
9/28/2027,45244.81483,1187.1858169349998
9/29/2027,45219.65155,1210.5135260099999
9/30/2027,45727.40973,1239.152405
10/1/2027,46814.09426,1274.0860633049997
10/2/2027,47013.96431,1287.0509170199998
10/3/2027,47696.24509,1213.657509
10/4/2027,48124.00654,1247.90249
10/5/2027,48124.92652,1283.028048
10/6/2027,48170.09006,1312.756983
10/7/2027,46538.37281,1326.2881013699998
10/8/2027,47052.84084,1334.826874
10/9/2027,48476.36597,1342.1370535349997
10/10/2027,48752.77689,1321.978046
10/11/2027,48894.45523,1322.064937
10/12/2027,48743.15794,1303.7266071599997
10/13/2027,46578.4412,1254.1005578699999
10/14/2027,46420.17464,1261.866671
10/15/2027,44029.89753,1250.4668378249999
10/16/2027,47615.06464,1278.31945
10/17/2027,46488.51548,1280.190923
10/18/2027,46903.58969,1301.6062264349998
10/19/2027,48432.61079,1277.653151
10/20/2027,48497.13795,1282.436733
10/21/2027,48259.85982,1280.5040991750002
10/22/2027,48304.58507,1271.5679606099998
10/23/2027,47437.41262,1259.441521
10/24/2027,47490.97699,1210.821797
10/25/2027,46705.31688,1195.661182
10/26/2027,48207.94817,1247.033523
10/27/2027,48646.04055,1252.914169
10/28/2027,46102.17685,1242.450625
10/29/2027,48265.61831,1288.5947869349998
10/30/2027,47723.91758,1299.9242079750002
10/31/2027,46191.72158,1274.325192
11/1/2027,46728.25202,1269.551067
11/2/2027,45549.09885,1180.645658
11/3/2027,45659.90541,1178.1389009850002
11/4/2027,44483.48271,1203.3499489499998
11/5/2027,45688.79885,1245.5586282749998
11/6/2027,45133.57573,1267.391617
11/7/2027,46637.43268,1303.026498
11/8/2027,46849.34724,1295.633054
11/9/2027,44335.57671,1259.4377790899998
11/10/2027,45275.34244,1256.4283367249998
11/11/2027,46996.91189,1272.3719772299999
11/12/2027,46665.49934,1236.8704300799998
11/13/2027,45638.32881,1266.0333007349998
11/14/2027,47068.63527,1295.99171
11/15/2027,47523.45451,1303.256632
11/16/2027,46832.14169,1287.999029
11/17/2027,45254.52296,1276.4111088749999
11/18/2027,45938.81309,1238.537212
11/19/2027,45730.80011,1251.4463352599998
11/20/2027,46506.51669,1289.7204531749999
11/21/2027,45350.8216,1248.79437
11/22/2027,45301.084092000005,1224.676325
11/23/2027,42055.96431,1132.377507
11/24/2027,40965.31717,1114.877283
11/25/2027,42041.90537,1136.8582848600001
11/26/2027,43070.28456,1155.967149
11/27/2027,45163.15625,1168.650965
11/28/2027,46258.28114,1229.249265
11/29/2027,46307.52163,1251.7261320149998
11/30/2027,47605.09077,1280.030195
12/1/2027,47225.32156,1288.645551
12/2/2027,47120.1644,1225.3895713200002
12/3/2027,45287.08871,1257.9264230249998
12/4/2027,47990.53853,1308.004877
12/5/2027,48822.11919,1345.89354
12/6/2027,48959.14071,1375.9006641600001
12/7/2027,48999.34841,1379.363529
12/8/2027,48924.61909,1380.079448
12/9/2027,48842.47177,1377.5126654849998
12/10/2027,48645.15503,1377.5421286649998
12/11/2027,48561.33312,1352.7886957049998
12/12/2027,46210.74956,1260.520145
12/13/2027,47566.37606,1319.0739242849997
12/14/2027,47808.08365,1315.888759
12/15/2027,47599.92278,1325.872113
12/16/2027,46972.36891,1321.1615742749998
12/17/2027,47646.23724,1348.662739
12/18/2027,47763.85142,1337.163479
12/19/2027,47490.90789,1334.7308446199997
12/20/2027,46492.04789,1354.620119
12/21/2027,47900.09914,1342.219046
12/22/2027,47708.71707,1329.4533674850002
12/23/2027,47061.45297,1270.483033
12/24/2027,46964.56567,1255.169268
12/25/2027,48224.31638,1303.630769
12/26/2027,48617.58941,1321.739996
12/27/2027,48640.24605,1331.7244268400002
12/28/2027,49307.56928,1374.984031
12/29/2027,49430.94592,1397.7015812549998
12/30/2027,48896.71135,1395.631839
12/31/2027,49337.82649,1409.565054
